"","Species","Size","TrophicPosition","DataSource"
"0.001","Euphausia similis","0.001",2,"Modeled_apriori"
"0.00112","Euphausia similis","0.00112",2,"Modeled_apriori"
"0.00126","Euphausia similis","0.00126",2,"Modeled_apriori"
"0.00141","Euphausia similis","0.00141",2,"Modeled_apriori"
"0.00158","Euphausia similis","0.00158",2,"Modeled_apriori"
"0.00177","Euphausia similis","0.00177",2,"Modeled_apriori"
"0.00198","Euphausia similis","0.00198",2,"Modeled_apriori"
"0.00222","Euphausia similis","0.00222",2,"Modeled_apriori"
"0.00249","Euphausia similis","0.00249",2,"Modeled_apriori"
"0.0028","Euphausia similis","0.0028",2,"Modeled_apriori"
"0.00313","Euphausia similis","0.00313",2,"Modeled_apriori"
"0.00351","Euphausia similis","0.00351",2,"Modeled_apriori"
"0.00394","Euphausia similis","0.00394",2,"Modeled_apriori"
"0.00441","Euphausia similis","0.00441",2,"Modeled_apriori"
"0.00495","Euphausia similis","0.00495",2,"Modeled_apriori"
"0.00555","Euphausia similis","0.00555",2,"Modeled_apriori"
"0.00622","Euphausia similis","0.00622",2,"Modeled_apriori"
"0.00697","Euphausia similis","0.00697",2,"Modeled_apriori"
"0.00781","Euphausia similis","0.00781",2,"Modeled_apriori"
"0.00876","Euphausia similis","0.00876",2,"Modeled_apriori"
"0.00982","Euphausia similis","0.00982",2,"Modeled_apriori"
"0.011","Euphausia similis","0.011",2,"Modeled_apriori"
"0.0123","Euphausia similis","0.0123",2,"Modeled_apriori"
"0.0138","Euphausia similis","0.0138",2,"Modeled_apriori"
"0.0155","Euphausia similis","0.0155",2,"Modeled_apriori"
"0.0174","Euphausia similis","0.0174",2,"Modeled_apriori"
"0.0195","Euphausia similis","0.0195",2,"Modeled_apriori"
"0.0218","Euphausia similis","0.0218",2,"Modeled_apriori"
"0.0245","Euphausia similis","0.0245",2,"Modeled_apriori"
"0.0274","Euphausia similis","0.0274",2,"Modeled_apriori"
"0.0308","Euphausia similis","0.0308",2,"Modeled_apriori"
"0.0345","Euphausia similis","0.0345",2,"Modeled_apriori"
"0.0387","Euphausia similis","0.0387",2,"Modeled_apriori"
"0.0433","Euphausia similis","0.0433",2,"Modeled_apriori"
"0.0486","Euphausia similis","0.0486",2,"Modeled_apriori"
"0.0545","Euphausia similis","0.0545",2,"Modeled_apriori"
"0.0611","Euphausia similis","0.0611",2,"Modeled_apriori"
"0.0684","Euphausia similis","0.0684",2,"Modeled_apriori"
"0.0767","Euphausia similis","0.0767",2,"Modeled_apriori"
"0.086","Euphausia similis","0.086",2,"Modeled_apriori"
"0.0964","Euphausia similis","0.0964",2,"Modeled_apriori"
"0.108","Euphausia similis","0.108",2,"Modeled_apriori"
"0.121","Euphausia similis","0.121",2,"Modeled_apriori"
"0.136","Euphausia similis","0.136",2,"Modeled_apriori"
"0.152","Euphausia similis","0.152",2,"Modeled_apriori"
"0.171","Euphausia similis","0.171",2,"Modeled_apriori"
"0.191","Euphausia similis","0.191",2,"Modeled_apriori"
"0.214","Euphausia similis","0.214",2,"Modeled_apriori"
"0.24","Euphausia similis","0.24",2,"Modeled_apriori"
"0.27","Euphausia similis","0.27",2,"Modeled_apriori"
"0.302","Euphausia similis","0.302",2,"Modeled_apriori"
"0.339","Euphausia similis","0.339",2,"Modeled_apriori"
"0.38","Euphausia similis","0.38",2,"Modeled_apriori"
"0.426","Euphausia similis","0.426",2,"Modeled_apriori"
"0.477","Euphausia similis","0.477",NA,"Modeled_apriori"
"0.535","Euphausia similis","0.535",NA,"Modeled_apriori"
"0.6","Euphausia similis","0.6",NA,"Modeled_apriori"
"0.672","Euphausia similis","0.672",NA,"Modeled_apriori"
"0.753","Euphausia similis","0.753",NA,"Modeled_apriori"
"0.845","Euphausia similis","0.845",NA,"Modeled_apriori"
"0.947","Euphausia similis","0.947",NA,"Modeled_apriori"
"1.06","Euphausia similis","1.06",NA,"Modeled_apriori"
"1.19","Euphausia similis","1.19",NA,"Modeled_apriori"
"1.33","Euphausia similis","1.33",NA,"Modeled_apriori"
"1.5","Euphausia similis","1.5",NA,"Modeled_apriori"
"1.68","Euphausia similis","1.68",NA,"Modeled_apriori"
"1.88","Euphausia similis","1.88",NA,"Modeled_apriori"
"2.11","Euphausia similis","2.11",NA,"Modeled_apriori"
"2.36","Euphausia similis","2.36",NA,"Modeled_apriori"
"2.65","Euphausia similis","2.65",NA,"Modeled_apriori"
"2.97","Euphausia similis","2.97",NA,"Modeled_apriori"
"3.33","Euphausia similis","3.33",NA,"Modeled_apriori"
"3.73","Euphausia similis","3.73",NA,"Modeled_apriori"
"4.18","Euphausia similis","4.18",NA,"Modeled_apriori"
"4.68","Euphausia similis","4.68",NA,"Modeled_apriori"
"5.25","Euphausia similis","5.25",NA,"Modeled_apriori"
"5.89","Euphausia similis","5.89",NA,"Modeled_apriori"
"6.6","Euphausia similis","6.6",NA,"Modeled_apriori"
"7.4","Euphausia similis","7.4",NA,"Modeled_apriori"
"8.29","Euphausia similis","8.29",NA,"Modeled_apriori"
"9.3","Euphausia similis","9.3",NA,"Modeled_apriori"
"10.4","Euphausia similis","10.4",NA,"Modeled_apriori"
"11.7","Euphausia similis","11.7",NA,"Modeled_apriori"
"13.1","Euphausia similis","13.1",NA,"Modeled_apriori"
"14.7","Euphausia similis","14.7",NA,"Modeled_apriori"
"16.5","Euphausia similis","16.5",NA,"Modeled_apriori"
"18.4","Euphausia similis","18.4",NA,"Modeled_apriori"
"20.7","Euphausia similis","20.7",NA,"Modeled_apriori"
"23.2","Euphausia similis","23.2",NA,"Modeled_apriori"
"26","Euphausia similis","26",NA,"Modeled_apriori"
"29.1","Euphausia similis","29.1",NA,"Modeled_apriori"
"32.7","Euphausia similis","32.7",NA,"Modeled_apriori"
"36.6","Euphausia similis","36.6",NA,"Modeled_apriori"
"41","Euphausia similis","41",NA,"Modeled_apriori"
"46","Euphausia similis","46",NA,"Modeled_apriori"
"51.6","Euphausia similis","51.6",NA,"Modeled_apriori"
"57.8","Euphausia similis","57.8",NA,"Modeled_apriori"
"64.8","Euphausia similis","64.8",NA,"Modeled_apriori"
"72.6","Euphausia similis","72.6",NA,"Modeled_apriori"
"81.4","Euphausia similis","81.4",NA,"Modeled_apriori"
"0.0011","Thysannoessa macura","0.001",2,"Modeled_apriori"
"0.001121","Thysannoessa macura","0.00112",2,"Modeled_apriori"
"0.001261","Thysannoessa macura","0.00126",2,"Modeled_apriori"
"0.001411","Thysannoessa macura","0.00141",2,"Modeled_apriori"
"0.001581","Thysannoessa macura","0.00158",2,"Modeled_apriori"
"0.001771","Thysannoessa macura","0.00177",2,"Modeled_apriori"
"0.001981","Thysannoessa macura","0.00198",2,"Modeled_apriori"
"0.002221","Thysannoessa macura","0.00222",2,"Modeled_apriori"
"0.002491","Thysannoessa macura","0.00249",2,"Modeled_apriori"
"0.00281","Thysannoessa macura","0.0028",2,"Modeled_apriori"
"0.003131","Thysannoessa macura","0.00313",2,"Modeled_apriori"
"0.003511","Thysannoessa macura","0.00351",2,"Modeled_apriori"
"0.003941","Thysannoessa macura","0.00394",2,"Modeled_apriori"
"0.004411","Thysannoessa macura","0.00441",2,"Modeled_apriori"
"0.004951","Thysannoessa macura","0.00495",2,"Modeled_apriori"
"0.005551","Thysannoessa macura","0.00555",2,"Modeled_apriori"
"0.006221","Thysannoessa macura","0.00622",2,"Modeled_apriori"
"0.006971","Thysannoessa macura","0.00697",2,"Modeled_apriori"
"0.007811","Thysannoessa macura","0.00781",2,"Modeled_apriori"
"0.008761","Thysannoessa macura","0.00876",2,"Modeled_apriori"
"0.009821","Thysannoessa macura","0.00982",2,"Modeled_apriori"
"0.0111","Thysannoessa macura","0.011",2,"Modeled_apriori"
"0.01231","Thysannoessa macura","0.0123",2,"Modeled_apriori"
"0.01381","Thysannoessa macura","0.0138",2,"Modeled_apriori"
"0.01551","Thysannoessa macura","0.0155",2,"Modeled_apriori"
"0.01741","Thysannoessa macura","0.0174",2,"Modeled_apriori"
"0.01951","Thysannoessa macura","0.0195",2,"Modeled_apriori"
"0.02181","Thysannoessa macura","0.0218",2,"Modeled_apriori"
"0.02451","Thysannoessa macura","0.0245",2,"Modeled_apriori"
"0.02741","Thysannoessa macura","0.0274",2,"Modeled_apriori"
"0.03081","Thysannoessa macura","0.0308",2,"Modeled_apriori"
"0.03451","Thysannoessa macura","0.0345",2,"Modeled_apriori"
"0.03871","Thysannoessa macura","0.0387",2,"Modeled_apriori"
"0.04331","Thysannoessa macura","0.0433",2,"Modeled_apriori"
"0.04861","Thysannoessa macura","0.0486",2,"Modeled_apriori"
"0.05451","Thysannoessa macura","0.0545",2,"Modeled_apriori"
"0.06111","Thysannoessa macura","0.0611",2,"Modeled_apriori"
"0.06841","Thysannoessa macura","0.0684",2,"Modeled_apriori"
"0.07671","Thysannoessa macura","0.0767",2,"Modeled_apriori"
"0.0861","Thysannoessa macura","0.086",2,"Modeled_apriori"
"0.09641","Thysannoessa macura","0.0964",2,"Modeled_apriori"
"0.1081","Thysannoessa macura","0.108",2,"Modeled_apriori"
"0.1211","Thysannoessa macura","0.121",2,"Modeled_apriori"
"0.1361","Thysannoessa macura","0.136",2,"Modeled_apriori"
"0.1521","Thysannoessa macura","0.152",2,"Modeled_apriori"
"0.1711","Thysannoessa macura","0.171",2,"Modeled_apriori"
"0.1911","Thysannoessa macura","0.191",2,"Modeled_apriori"
"0.2141","Thysannoessa macura","0.214",2,"Modeled_apriori"
"0.241","Thysannoessa macura","0.24",2,"Modeled_apriori"
"0.271","Thysannoessa macura","0.27",2,"Modeled_apriori"
"0.3021","Thysannoessa macura","0.302",2,"Modeled_apriori"
"0.3391","Thysannoessa macura","0.339",2,"Modeled_apriori"
"0.381","Thysannoessa macura","0.38",NA,"Modeled_apriori"
"0.4261","Thysannoessa macura","0.426",NA,"Modeled_apriori"
"0.4771","Thysannoessa macura","0.477",NA,"Modeled_apriori"
"0.5351","Thysannoessa macura","0.535",NA,"Modeled_apriori"
"0.61","Thysannoessa macura","0.6",NA,"Modeled_apriori"
"0.6721","Thysannoessa macura","0.672",NA,"Modeled_apriori"
"0.7531","Thysannoessa macura","0.753",NA,"Modeled_apriori"
"0.8451","Thysannoessa macura","0.845",NA,"Modeled_apriori"
"0.9471","Thysannoessa macura","0.947",NA,"Modeled_apriori"
"1.061","Thysannoessa macura","1.06",NA,"Modeled_apriori"
"1.191","Thysannoessa macura","1.19",NA,"Modeled_apriori"
"1.331","Thysannoessa macura","1.33",NA,"Modeled_apriori"
"1.51","Thysannoessa macura","1.5",NA,"Modeled_apriori"
"1.681","Thysannoessa macura","1.68",NA,"Modeled_apriori"
"1.881","Thysannoessa macura","1.88",NA,"Modeled_apriori"
"2.111","Thysannoessa macura","2.11",NA,"Modeled_apriori"
"2.361","Thysannoessa macura","2.36",NA,"Modeled_apriori"
"2.651","Thysannoessa macura","2.65",NA,"Modeled_apriori"
"2.971","Thysannoessa macura","2.97",NA,"Modeled_apriori"
"3.331","Thysannoessa macura","3.33",NA,"Modeled_apriori"
"3.731","Thysannoessa macura","3.73",NA,"Modeled_apriori"
"4.181","Thysannoessa macura","4.18",NA,"Modeled_apriori"
"4.681","Thysannoessa macura","4.68",NA,"Modeled_apriori"
"5.251","Thysannoessa macura","5.25",NA,"Modeled_apriori"
"5.891","Thysannoessa macura","5.89",NA,"Modeled_apriori"
"6.61","Thysannoessa macura","6.6",NA,"Modeled_apriori"
"7.41","Thysannoessa macura","7.4",NA,"Modeled_apriori"
"8.291","Thysannoessa macura","8.29",NA,"Modeled_apriori"
"9.31","Thysannoessa macura","9.3",NA,"Modeled_apriori"
"10.41","Thysannoessa macura","10.4",NA,"Modeled_apriori"
"11.71","Thysannoessa macura","11.7",NA,"Modeled_apriori"
"13.11","Thysannoessa macura","13.1",NA,"Modeled_apriori"
"14.71","Thysannoessa macura","14.7",NA,"Modeled_apriori"
"16.51","Thysannoessa macura","16.5",NA,"Modeled_apriori"
"18.41","Thysannoessa macura","18.4",NA,"Modeled_apriori"
"20.71","Thysannoessa macura","20.7",NA,"Modeled_apriori"
"23.21","Thysannoessa macura","23.2",NA,"Modeled_apriori"
"261","Thysannoessa macura","26",NA,"Modeled_apriori"
"29.11","Thysannoessa macura","29.1",NA,"Modeled_apriori"
"32.71","Thysannoessa macura","32.7",NA,"Modeled_apriori"
"36.61","Thysannoessa macura","36.6",NA,"Modeled_apriori"
"411","Thysannoessa macura","41",NA,"Modeled_apriori"
"461","Thysannoessa macura","46",NA,"Modeled_apriori"
"51.61","Thysannoessa macura","51.6",NA,"Modeled_apriori"
"57.81","Thysannoessa macura","57.8",NA,"Modeled_apriori"
"64.81","Thysannoessa macura","64.8",NA,"Modeled_apriori"
"72.61","Thysannoessa macura","72.6",NA,"Modeled_apriori"
"81.41","Thysannoessa macura","81.4",NA,"Modeled_apriori"
"0.0012","Sergestes spp","0.001",2,"Modeled_apriori"
"0.001122","Sergestes spp","0.00112",2.00000054561269,"Modeled_apriori"
"0.001262","Sergestes spp","0.00126",2.00000125680517,"Modeled_apriori"
"0.001412","Sergestes spp","0.00141",2.00000216904327,"Modeled_apriori"
"0.001582","Sergestes spp","0.00158",2.00000332410849,"Modeled_apriori"
"0.001772","Sergestes spp","0.00177",2.00000477108899,"Modeled_apriori"
"0.001982","Sergestes spp","0.00198",2.00000656751432,"Modeled_apriori"
"0.002222","Sergestes spp","0.00222",2.0000087806539,"Modeled_apriori"
"0.002492","Sergestes spp","0.00249",2.00001148900267,"Modeled_apriori"
"0.00282","Sergestes spp","0.0028",2.00001478397995,"Modeled_apriori"
"0.003132","Sergestes spp","0.00313",2.00001877187162,"Modeled_apriori"
"0.003512","Sergestes spp","0.00351",2.00002357604961,"Modeled_apriori"
"0.003942","Sergestes spp","0.00394",2.00002933950715,"Modeled_apriori"
"0.004412","Sergestes spp","0.00441",2.00003622775358,"Modeled_apriori"
"0.004952","Sergestes spp","0.00495",2.00004443211788,"Modeled_apriori"
"0.005552","Sergestes spp","0.00555",2.00005417351639,"Modeled_apriori"
"0.006222","Sergestes spp","0.00622",2.00006570674708,"Modeled_apriori"
"0.006972","Sergestes spp","0.00697",2.00007932538025,"Modeled_apriori"
"0.007812","Sergestes spp","0.00781",2.00009536732343,"Modeled_apriori"
"0.008762","Sergestes spp","0.00876",2.00011422114763,"Modeled_apriori"
"0.009822","Sergestes spp","0.00982",2.00013633327101,"Modeled_apriori"
"0.0112","Sergestes spp","0.011",2.00016221610724,"Modeled_apriori"
"0.01232","Sergestes spp","0.0123",2.00019274027513,"Modeled_apriori"
"0.01382","Sergestes spp","0.0138",2.00022844980971,"Modeled_apriori"
"0.01552","Sergestes spp","0.0155",2.00027017507298,"Modeled_apriori"
"0.01742","Sergestes spp","0.0174",2.00031887700076,"Modeled_apriori"
"0.01952","Sergestes spp","0.0195",2.00037566838158,"Modeled_apriori"
"0.02182","Sergestes spp","0.0218",2.00044183986162,"Modeled_apriori"
"0.02452","Sergestes spp","0.0245",2.00051889400301,"Modeled_apriori"
"0.02742","Sergestes spp","0.0274",2.00060859224247,"Modeled_apriori"
"0.03082","Sergestes spp","0.0308",2.00071300552384,"Modeled_apriori"
"0.03452","Sergestes spp","0.0345",2.00083453278512,"Modeled_apriori"
"0.03872","Sergestes spp","0.0387",2.00097592177437,"Modeled_apriori"
"0.04332","Sergestes spp","0.0433",2.00114036301567,"Modeled_apriori"
"0.04862","Sergestes spp","0.0486",2.00133163083406,"Modeled_apriori"
"0.05452","Sergestes spp","0.0545",2.00155432805831,"Modeled_apriori"
"0.06112","Sergestes spp","0.0611",2.00181453457946,"Modeled_apriori"
"0.06842","Sergestes spp","0.0684",2.00212178864926,"Modeled_apriori"
"0.07672","Sergestes spp","0.0767",2.00249459990992,"Modeled_apriori"
"0.0862","Sergestes spp","0.086",2.00296996042117,"Modeled_apriori"
"0.09642","Sergestes spp","0.0964",2.00360089866694,"Modeled_apriori"
"0.1082","Sergestes spp","0.108",2.00442937483302,"Modeled_apriori"
"0.1212","Sergestes spp","0.121",2.00546615145464,"Modeled_apriori"
"0.1362","Sergestes spp","0.136",2.0067277038755,"Modeled_apriori"
"0.1522","Sergestes spp","0.152",2.00824840504254,"Modeled_apriori"
"0.1712","Sergestes spp","0.171",2.01006482097544,"Modeled_apriori"
"0.1912","Sergestes spp","0.191",2.01221924257446,"Modeled_apriori"
"0.2142","Sergestes spp","0.214",2.01475747994795,"Modeled_apriori"
"0.242","Sergestes spp","0.24",2.01772570836832,"Modeled_apriori"
"0.272","Sergestes spp","0.27",2.0211625262967,"Modeled_apriori"
"0.3022","Sergestes spp","0.302",2.02507182625818,"Modeled_apriori"
"0.3392","Sergestes spp","0.339",2.02928867307893,"Modeled_apriori"
"0.382","Sergestes spp","0.38",2.03320040947363,"Modeled_apriori"
"0.4262","Sergestes spp","0.426",2.03759470672331,"Modeled_apriori"
"0.4772","Sergestes spp","0.477",2.04254326023349,"Modeled_apriori"
"0.5352","Sergestes spp","0.535",2.04804591922782,"Modeled_apriori"
"0.62","Sergestes spp","0.6",2.05419503685446,"Modeled_apriori"
"0.6722","Sergestes spp","0.672",2.06105110245716,"Modeled_apriori"
"0.7532","Sergestes spp","0.753",2.06867535229603,"Modeled_apriori"
"0.8452","Sergestes spp","0.845",2.07712524161399,"Modeled_apriori"
"0.9472","Sergestes spp","0.947",2.0864439157974,"Modeled_apriori"
"1.062","Sergestes spp","1.06",2.09664185550543,"Modeled_apriori"
"1.192","Sergestes spp","1.19",2.10764780768888,"Modeled_apriori"
"1.332","Sergestes spp","1.33",2.1196025979197,"Modeled_apriori"
"1.52","Sergestes spp","1.5",2.1326388935965,"Modeled_apriori"
"1.682","Sergestes spp","1.68",2.14681462346616,"Modeled_apriori"
"1.882","Sergestes spp","1.88",2.16220236088111,"Modeled_apriori"
"2.112","Sergestes spp","2.11",NA,"Modeled_apriori"
"2.362","Sergestes spp","2.36",NA,"Modeled_apriori"
"2.652","Sergestes spp","2.65",NA,"Modeled_apriori"
"2.972","Sergestes spp","2.97",NA,"Modeled_apriori"
"3.332","Sergestes spp","3.33",NA,"Modeled_apriori"
"3.732","Sergestes spp","3.73",NA,"Modeled_apriori"
"4.182","Sergestes spp","4.18",NA,"Modeled_apriori"
"4.682","Sergestes spp","4.68",NA,"Modeled_apriori"
"5.252","Sergestes spp","5.25",NA,"Modeled_apriori"
"5.892","Sergestes spp","5.89",NA,"Modeled_apriori"
"6.62","Sergestes spp","6.6",NA,"Modeled_apriori"
"7.42","Sergestes spp","7.4",NA,"Modeled_apriori"
"8.292","Sergestes spp","8.29",NA,"Modeled_apriori"
"9.32","Sergestes spp","9.3",NA,"Modeled_apriori"
"10.42","Sergestes spp","10.4",NA,"Modeled_apriori"
"11.72","Sergestes spp","11.7",NA,"Modeled_apriori"
"13.12","Sergestes spp","13.1",NA,"Modeled_apriori"
"14.72","Sergestes spp","14.7",NA,"Modeled_apriori"
"16.52","Sergestes spp","16.5",NA,"Modeled_apriori"
"18.42","Sergestes spp","18.4",NA,"Modeled_apriori"
"20.72","Sergestes spp","20.7",NA,"Modeled_apriori"
"23.22","Sergestes spp","23.2",NA,"Modeled_apriori"
"262","Sergestes spp","26",NA,"Modeled_apriori"
"29.12","Sergestes spp","29.1",NA,"Modeled_apriori"
"32.72","Sergestes spp","32.7",NA,"Modeled_apriori"
"36.62","Sergestes spp","36.6",NA,"Modeled_apriori"
"412","Sergestes spp","41",NA,"Modeled_apriori"
"462","Sergestes spp","46",NA,"Modeled_apriori"
"51.62","Sergestes spp","51.6",NA,"Modeled_apriori"
"57.82","Sergestes spp","57.8",NA,"Modeled_apriori"
"64.82","Sergestes spp","64.8",NA,"Modeled_apriori"
"72.62","Sergestes spp","72.6",NA,"Modeled_apriori"
"81.42","Sergestes spp","81.4",NA,"Modeled_apriori"
"0.0013","Themisto spp","0.001",2,"Modeled_apriori"
"0.001123","Themisto spp","0.00112",2.00000051007797,"Modeled_apriori"
"0.001263","Themisto spp","0.00126",2.00000117499411,"Modeled_apriori"
"0.001413","Themisto spp","0.00141",2.00000202792254,"Modeled_apriori"
"0.001583","Themisto spp","0.00158",2.00000310794692,"Modeled_apriori"
"0.001773","Themisto spp","0.00177",2.00000446098826,"Modeled_apriori"
"0.001983","Themisto spp","0.00198",2.00000614086715,"Modeled_apriori"
"0.002223","Themisto spp","0.00222",2.00000821051973,"Modeled_apriori"
"0.002493","Themisto spp","0.00249",2.0000107433888,"Modeled_apriori"
"0.00283","Themisto spp","0.0028",2.00001382501497,"Modeled_apriori"
"0.003133","Themisto spp","0.00313",2.00001755485573,"Modeled_apriori"
"0.003513","Themisto spp","0.00351",2.00002204836468,"Modeled_apriori"
"0.003943","Themisto spp","0.00394",2.0000274393668,"Modeled_apriori"
"0.004413","Themisto spp","0.00441",2.00003388277105,"Modeled_apriori"
"0.004953","Themisto spp","0.00495",2.00004155766634,"Modeled_apriori"
"0.005553","Themisto spp","0.00555",2.0000506708532,"Modeled_apriori"
"0.006223","Themisto spp","0.00622",2.00006146086974,"Modeled_apriori"
"0.006973","Themisto spp","0.00697",2.00007420257753,"Modeled_apriori"
"0.007813","Themisto spp","0.00781",2.00008921238086,"Modeled_apriori"
"0.008763","Themisto spp","0.00876",2.00010685416125,"Modeled_apriori"
"0.009823","Themisto spp","0.00982",2.000127546018,"Modeled_apriori"
"0.0113","Themisto spp","0.011",2.00015176791588,"Modeled_apriori"
"0.01233","Themisto spp","0.0123",2.00018033512072,"Modeled_apriori"
"0.01383","Themisto spp","0.0138",2.00021375786826,"Modeled_apriori"
"0.01553","Themisto spp","0.0155",2.00025281439598,"Modeled_apriori"
"0.01743","Themisto spp","0.0174",2.00029840551867,"Modeled_apriori"
"0.01953","Themisto spp","0.0195",2.00035157473194,"Modeled_apriori"
"0.02183","Themisto spp","0.0218",2.00041353300878,"Modeled_apriori"
"0.02453","Themisto spp","0.0245",2.00048569192421,"Modeled_apriori"
"0.02743","Themisto spp","0.0274",2.00056971042936,"Modeled_apriori"
"0.03083","Themisto spp","0.0308",2.00066754474617,"Modeled_apriori"
"0.03453","Themisto spp","0.0345",2.00078146088644,"Modeled_apriori"
"0.03873","Themisto spp","0.0387",2.00091404802887,"Modeled_apriori"
"0.04333","Themisto spp","0.0433",2.00106831095419,"Modeled_apriori"
"0.04863","Themisto spp","0.0486",2.00124780765325,"Modeled_apriori"
"0.05453","Themisto spp","0.0545",2.00145687959062,"Modeled_apriori"
"0.06113","Themisto spp","0.0611",2.00170125517339,"Modeled_apriori"
"0.06843","Themisto spp","0.0684",2.00198988682381,"Modeled_apriori"
"0.07673","Themisto spp","0.0767",2.00234005603837,"Modeled_apriori"
"0.0863","Themisto spp","0.086",2.00278618776837,"Modeled_apriori"
"0.09643","Themisto spp","0.0964",2.00337766856068,"Modeled_apriori"
"0.1083","Themisto spp","0.108",2.00415411338027,"Modeled_apriori"
"0.1213","Themisto spp","0.121",NA,"Modeled_apriori"
"0.1363","Themisto spp","0.136",NA,"Modeled_apriori"
"0.1523","Themisto spp","0.152",NA,"Modeled_apriori"
"0.1713","Themisto spp","0.171",NA,"Modeled_apriori"
"0.1913","Themisto spp","0.191",NA,"Modeled_apriori"
"0.2143","Themisto spp","0.214",NA,"Modeled_apriori"
"0.243","Themisto spp","0.24",NA,"Modeled_apriori"
"0.273","Themisto spp","0.27",NA,"Modeled_apriori"
"0.3023","Themisto spp","0.302",NA,"Modeled_apriori"
"0.3393","Themisto spp","0.339",NA,"Modeled_apriori"
"0.383","Themisto spp","0.38",NA,"Modeled_apriori"
"0.4263","Themisto spp","0.426",NA,"Modeled_apriori"
"0.4773","Themisto spp","0.477",NA,"Modeled_apriori"
"0.5353","Themisto spp","0.535",NA,"Modeled_apriori"
"0.63","Themisto spp","0.6",NA,"Modeled_apriori"
"0.6723","Themisto spp","0.672",NA,"Modeled_apriori"
"0.7533","Themisto spp","0.753",NA,"Modeled_apriori"
"0.8453","Themisto spp","0.845",NA,"Modeled_apriori"
"0.9473","Themisto spp","0.947",NA,"Modeled_apriori"
"1.063","Themisto spp","1.06",NA,"Modeled_apriori"
"1.193","Themisto spp","1.19",NA,"Modeled_apriori"
"1.333","Themisto spp","1.33",NA,"Modeled_apriori"
"1.53","Themisto spp","1.5",NA,"Modeled_apriori"
"1.683","Themisto spp","1.68",NA,"Modeled_apriori"
"1.883","Themisto spp","1.88",NA,"Modeled_apriori"
"2.113","Themisto spp","2.11",NA,"Modeled_apriori"
"2.363","Themisto spp","2.36",NA,"Modeled_apriori"
"2.653","Themisto spp","2.65",NA,"Modeled_apriori"
"2.973","Themisto spp","2.97",NA,"Modeled_apriori"
"3.333","Themisto spp","3.33",NA,"Modeled_apriori"
"3.733","Themisto spp","3.73",NA,"Modeled_apriori"
"4.183","Themisto spp","4.18",NA,"Modeled_apriori"
"4.683","Themisto spp","4.68",NA,"Modeled_apriori"
"5.253","Themisto spp","5.25",NA,"Modeled_apriori"
"5.893","Themisto spp","5.89",NA,"Modeled_apriori"
"6.63","Themisto spp","6.6",NA,"Modeled_apriori"
"7.43","Themisto spp","7.4",NA,"Modeled_apriori"
"8.293","Themisto spp","8.29",NA,"Modeled_apriori"
"9.33","Themisto spp","9.3",NA,"Modeled_apriori"
"10.43","Themisto spp","10.4",NA,"Modeled_apriori"
"11.73","Themisto spp","11.7",NA,"Modeled_apriori"
"13.13","Themisto spp","13.1",NA,"Modeled_apriori"
"14.73","Themisto spp","14.7",NA,"Modeled_apriori"
"16.53","Themisto spp","16.5",NA,"Modeled_apriori"
"18.43","Themisto spp","18.4",NA,"Modeled_apriori"
"20.73","Themisto spp","20.7",NA,"Modeled_apriori"
"23.23","Themisto spp","23.2",NA,"Modeled_apriori"
"263","Themisto spp","26",NA,"Modeled_apriori"
"29.13","Themisto spp","29.1",NA,"Modeled_apriori"
"32.73","Themisto spp","32.7",NA,"Modeled_apriori"
"36.63","Themisto spp","36.6",NA,"Modeled_apriori"
"413","Themisto spp","41",NA,"Modeled_apriori"
"463","Themisto spp","46",NA,"Modeled_apriori"
"51.63","Themisto spp","51.6",NA,"Modeled_apriori"
"57.83","Themisto spp","57.8",NA,"Modeled_apriori"
"64.83","Themisto spp","64.8",NA,"Modeled_apriori"
"72.63","Themisto spp","72.6",NA,"Modeled_apriori"
"81.43","Themisto spp","81.4",NA,"Modeled_apriori"
"0.0014","Lampanyctus australis","0.001",2,"Modeled_apriori"
"0.001124","Lampanyctus australis","0.00112",2.00000063900741,"Modeled_apriori"
"0.001264","Lampanyctus australis","0.00126",2.00000147183505,"Modeled_apriori"
"0.001414","Lampanyctus australis","0.00141",2.00000253997573,"Modeled_apriori"
"0.001584","Lampanyctus australis","0.00158",2.00000389230634,"Modeled_apriori"
"0.001774","Lampanyctus australis","0.00177",2.00000558624552,"Modeled_apriori"
"0.001984","Lampanyctus australis","0.00198",2.00000768907869,"Modeled_apriori"
"0.002224","Lampanyctus australis","0.00222",2.00001027947436,"Modeled_apriori"
"0.002494","Lampanyctus australis","0.00249",2.00001344921832,"Modeled_apriori"
"0.00284","Lampanyctus australis","0.0028",2.00001730519648,"Modeled_apriori"
"0.003134","Lampanyctus australis","0.00313",2.00002197166107,"Modeled_apriori"
"0.003514","Lampanyctus australis","0.00351",2.00002759281974,"Modeled_apriori"
"0.003944","Lampanyctus australis","0.00394",2.00003433579234,"Modeled_apriori"
"0.004414","Lampanyctus australis","0.00441",2.0000423939859,"Modeled_apriori"
"0.004954","Lampanyctus australis","0.00495",2.00005199094499,"Modeled_apriori"
"0.005554","Lampanyctus australis","0.00555",2.00006338474176,"Modeled_apriori"
"0.006224","Lampanyctus australis","0.00622",2.00007687297758,"Modeled_apriori"
"0.006974","Lampanyctus australis","0.00697",2.00009279847724,"Modeled_apriori"
"0.007814","Lampanyctus australis","0.00781",2.00011155576546,"Modeled_apriori"
"0.008764","Lampanyctus australis","0.00876",2.00013359842609,"Modeled_apriori"
"0.009824","Lampanyctus australis","0.00982",2.00015944745479,"Modeled_apriori"
"0.0114","Lampanyctus australis","0.011",2.00018970072801,"Modeled_apriori"
"0.01234","Lampanyctus australis","0.0123",2.00022537460373,"Modeled_apriori"
"0.01384","Lampanyctus australis","0.0138",2.00026710225109,"Modeled_apriori"
"0.01554","Lampanyctus australis","0.0155",2.00031585138257,"Modeled_apriori"
"0.01744","Lampanyctus australis","0.0174",2.0003727413728,"Modeled_apriori"
"0.01954","Lampanyctus australis","0.0195",2.00043906762541,"Modeled_apriori"
"0.02184","Lampanyctus australis","0.0218",2.00051633071021,"Modeled_apriori"
"0.02454","Lampanyctus australis","0.0245",2.0006062726952,"Modeled_apriori"
"0.02744","Lampanyctus australis","0.0274",2.00071092413145,"Modeled_apriori"
"0.03084","Lampanyctus australis","0.0308",2.00083265623892,"Modeled_apriori"
"0.03454","Lampanyctus australis","0.0345",2.00097421605154,"Modeled_apriori"
"0.03874","Lampanyctus australis","0.0387",2.00113876800553,"Modeled_apriori"
"0.04334","Lampanyctus australis","0.0433",2.00132999117597,"Modeled_apriori"
"0.04864","Lampanyctus australis","0.0486",2.00155222818538,"Modeled_apriori"
"0.05454","Lampanyctus australis","0.0545",2.00181076698187,"Modeled_apriori"
"0.06114","Lampanyctus australis","0.0611",2.00211260572321,"Modeled_apriori"
"0.06844","Lampanyctus australis","0.0684",2.00246880621043,"Modeled_apriori"
"0.07674","Lampanyctus australis","0.0767",2.00290106071349,"Modeled_apriori"
"0.0864","Lampanyctus australis","0.086",2.00345300580857,"Modeled_apriori"
"0.09644","Lampanyctus australis","0.0964",2.00418708985171,"Modeled_apriori"
"0.1084","Lampanyctus australis","0.108",2.00515126419703,"Modeled_apriori"
"0.1214","Lampanyctus australis","0.121",2.00636214363093,"Modeled_apriori"
"0.1364","Lampanyctus australis","0.136",2.00783993611613,"Modeled_apriori"
"0.1524","Lampanyctus australis","0.152",2.00962118656428,"Modeled_apriori"
"0.1714","Lampanyctus australis","0.171",2.01174803362275,"Modeled_apriori"
"0.1914","Lampanyctus australis","0.191",2.01426895619288,"Modeled_apriori"
"0.2144","Lampanyctus australis","0.214",2.01723581882926,"Modeled_apriori"
"0.244","Lampanyctus australis","0.24",2.02069938841148,"Modeled_apriori"
"0.274","Lampanyctus australis","0.27",2.0246982561818,"Modeled_apriori"
"0.3024","Lampanyctus australis","0.302",2.02922479054003,"Modeled_apriori"
"0.3394","Lampanyctus australis","0.339",2.03406739017493,"Modeled_apriori"
"0.384","Lampanyctus australis","0.38",2.03849549774246,"Modeled_apriori"
"0.4264","Lampanyctus australis","0.426",2.04344568221486,"Modeled_apriori"
"0.4774","Lampanyctus australis","0.477",2.04898064414088,"Modeled_apriori"
"0.5354","Lampanyctus australis","0.535",2.05512038581903,"Modeled_apriori"
"0.64","Lampanyctus australis","0.6",2.06194283299967,"Modeled_apriori"
"0.6724","Lampanyctus australis","0.672",2.06950645548454,"Modeled_apriori"
"0.7534","Lampanyctus australis","0.753",2.07787024966594,"Modeled_apriori"
"0.8454","Lampanyctus australis","0.845",2.08709067058736,"Modeled_apriori"
"0.9474","Lampanyctus australis","0.947",2.09721485923186,"Modeled_apriori"
"1.064","Lampanyctus australis","1.06",2.10826900670962,"Modeled_apriori"
"1.194","Lampanyctus australis","1.19",2.12022819608849,"Modeled_apriori"
"1.334","Lampanyctus australis","1.33",2.13319424739148,"Modeled_apriori"
"1.54","Lampanyctus australis","1.5",2.1472607520512,"Modeled_apriori"
"1.684","Lampanyctus australis","1.68",2.16247234076152,"Modeled_apriori"
"1.884","Lampanyctus australis","1.88",2.17887825879046,"Modeled_apriori"
"2.114","Lampanyctus australis","2.11",2.19647323463418,"Modeled_apriori"
"2.364","Lampanyctus australis","2.36",2.21527575754093,"Modeled_apriori"
"2.654","Lampanyctus australis","2.65",2.23530052575249,"Modeled_apriori"
"2.974","Lampanyctus australis","2.97",2.25654556605399,"Modeled_apriori"
"3.334","Lampanyctus australis","3.33",2.27903700377383,"Modeled_apriori"
"3.734","Lampanyctus australis","3.73",2.30256920430796,"Modeled_apriori"
"4.184","Lampanyctus australis","4.18",2.32713199574895,"Modeled_apriori"
"4.684","Lampanyctus australis","4.68",2.35266826389933,"Modeled_apriori"
"5.254","Lampanyctus australis","5.25",2.37907901683097,"Modeled_apriori"
"5.894","Lampanyctus australis","5.89",2.40625010803167,"Modeled_apriori"
"6.64","Lampanyctus australis","6.6",2.43405449815645,"Modeled_apriori"
"7.44","Lampanyctus australis","7.4",2.46235547258633,"Modeled_apriori"
"8.294","Lampanyctus australis","8.29",2.49101025010794,"Modeled_apriori"
"9.34","Lampanyctus australis","9.3",2.51987146093995,"Modeled_apriori"
"10.44","Lampanyctus australis","10.4",2.54878836073739,"Modeled_apriori"
"11.74","Lampanyctus australis","11.7",2.57761129310008,"Modeled_apriori"
"13.14","Lampanyctus australis","13.1",2.60619585390081,"Modeled_apriori"
"14.74","Lampanyctus australis","14.7",2.63438927993911,"Modeled_apriori"
"16.54","Lampanyctus australis","16.5",2.66208809284724,"Modeled_apriori"
"18.44","Lampanyctus australis","18.4",2.68920001823042,"Modeled_apriori"
"20.74","Lampanyctus australis","20.7",2.71565700569643,"Modeled_apriori"
"23.24","Lampanyctus australis","23.2",2.74144389652204,"Modeled_apriori"
"264","Lampanyctus australis","26",2.76637819798014,"Modeled_apriori"
"29.14","Lampanyctus australis","29.1",2.79055388687223,"Modeled_apriori"
"32.74","Lampanyctus australis","32.7",NA,"Modeled_apriori"
"36.64","Lampanyctus australis","36.6",NA,"Modeled_apriori"
"414","Lampanyctus australis","41",NA,"Modeled_apriori"
"464","Lampanyctus australis","46",NA,"Modeled_apriori"
"51.64","Lampanyctus australis","51.6",NA,"Modeled_apriori"
"57.84","Lampanyctus australis","57.8",NA,"Modeled_apriori"
"64.84","Lampanyctus australis","64.8",NA,"Modeled_apriori"
"72.64","Lampanyctus australis","72.6",NA,"Modeled_apriori"
"81.44","Lampanyctus australis","81.4",NA,"Modeled_apriori"
"0.0015","Nannobrachium achirus","0.001",2,"Modeled_apriori"
"0.001125","Nannobrachium achirus","0.00112",2.0000000304567,"Modeled_apriori"
"0.001265","Nannobrachium achirus","0.00126",2.00000007018863,"Modeled_apriori"
"0.001415","Nannobrachium achirus","0.00141",2.00000012118911,"Modeled_apriori"
"0.001585","Nannobrachium achirus","0.00158",2.00000018580785,"Modeled_apriori"
"0.001775","Nannobrachium achirus","0.00177",2.00000026680715,"Modeled_apriori"
"0.001985","Nannobrachium achirus","0.00198",2.00000036742637,"Modeled_apriori"
"0.002225","Nannobrachium achirus","0.00222",2.00000049145577,"Modeled_apriori"
"0.002495","Nannobrachium achirus","0.00249",2.00000064332108,"Modeled_apriori"
"0.00285","Nannobrachium achirus","0.0028",2.00000082818036,"Modeled_apriori"
"0.003135","Nannobrachium achirus","0.00313",2.00000105203483,"Modeled_apriori"
"0.003515","Nannobrachium achirus","0.00351",2.00000132185577,"Modeled_apriori"
"0.003945","Nannobrachium achirus","0.00394",2.00000164572962,"Modeled_apriori"
"0.004415","Nannobrachium achirus","0.00441",2.00000203302398,"Modeled_apriori"
"0.004955","Nannobrachium achirus","0.00495",2.00000249457735,"Modeled_apriori"
"0.005555","Nannobrachium achirus","0.00555",2.00000304291588,"Modeled_apriori"
"0.006225","Nannobrachium achirus","0.00622",2.00000369250095,"Modeled_apriori"
"0.006975","Nannobrachium achirus","0.00697",2.00000446001168,"Modeled_apriori"
"0.007815","Nannobrachium achirus","0.00781",2.00000536466712,"Modeled_apriori"
"0.008765","Nannobrachium achirus","0.00876",2.0000064285933,"Modeled_apriori"
"0.009825","Nannobrachium achirus","0.00982",2.00000767724128,"Modeled_apriori"
"0.0115","Nannobrachium achirus","0.011",2.00000913986261,"Modeled_apriori"
"0.01235","Nannobrachium achirus","0.0123",2.00001086600628,"Modeled_apriori"
"0.01385","Nannobrachium achirus","0.0138",2.00001288723654,"Modeled_apriori"
"0.01555","Nannobrachium achirus","0.0155",2.00001525130883,"Modeled_apriori"
"0.01745","Nannobrachium achirus","0.0174",2.00001801365497,"Modeled_apriori"
"0.01955","Nannobrachium achirus","0.0195",2.00002123878993,"Modeled_apriori"
"0.02185","Nannobrachium achirus","0.0218",2.00002500235581,"Modeled_apriori"
"0.02455","Nannobrachium achirus","0.0245",2.00002939473502,"Modeled_apriori"
"0.02745","Nannobrachium achirus","0.0274",2.00003452762948,"Modeled_apriori"
"0.03085","Nannobrachium achirus","0.0308",2.00004054036169,"Modeled_apriori"
"0.03455","Nannobrachium achirus","0.0345",2.00004759385268,"Modeled_apriori"
"0.03875","Nannobrachium achirus","0.0387",2.00005586279718,"Modeled_apriori"
"0.04335","Nannobrachium achirus","0.0433",2.00006554721454,"Modeled_apriori"
"0.04865","Nannobrachium achirus","0.0486",2.00007688854852,"Modeled_apriori"
"0.05455","Nannobrachium achirus","0.0545",2.00009018650373,"Modeled_apriori"
"0.06115","Nannobrachium achirus","0.0611",2.00010583621626,"Modeled_apriori"
"0.06845","Nannobrachium achirus","0.0684",2.00012443522654,"Modeled_apriori"
"0.07675","Nannobrachium achirus","0.0767",2.00014706974982,"Modeled_apriori"
"0.0865","Nannobrachium achirus","0.086",2.00017579624923,"Modeled_apriori"
"0.09645","Nannobrachium achirus","0.0964",2.0002135708949,"Modeled_apriori"
"0.1085","Nannobrachium achirus","0.108",2.00026336030084,"Modeled_apriori"
"0.1215","Nannobrachium achirus","0.121",2.00032356348051,"Modeled_apriori"
"0.1365","Nannobrachium achirus","0.136",2.00039442308253,"Modeled_apriori"
"0.1525","Nannobrachium achirus","0.152",2.00047954002562,"Modeled_apriori"
"0.1715","Nannobrachium achirus","0.171",2.00058103041752,"Modeled_apriori"
"0.1915","Nannobrachium achirus","0.191",2.0007013825654,"Modeled_apriori"
"0.2145","Nannobrachium achirus","0.214",2.00084341897119,"Modeled_apriori"
"0.245","Nannobrachium achirus","0.24",2.00101031905826,"Modeled_apriori"
"0.275","Nannobrachium achirus","0.27",2.00120565482969,"Modeled_apriori"
"0.3025","Nannobrachium achirus","0.302",2.00143254867211,"Modeled_apriori"
"0.3395","Nannobrachium achirus","0.339",2.0016864756192,"Modeled_apriori"
"0.385","Nannobrachium achirus","0.38",2.00193999172185,"Modeled_apriori"
"0.4265","Nannobrachium achirus","0.426",2.00223362580376,"Modeled_apriori"
"0.4775","Nannobrachium achirus","0.477",2.00257426374368,"Modeled_apriori"
"0.5355","Nannobrachium achirus","0.535",2.00296199133541,"Modeled_apriori"
"0.65","Nannobrachium achirus","0.6",2.00340764388684,"Modeled_apriori"
"0.6725","Nannobrachium achirus","0.672",2.00391903871057,"Modeled_apriori"
"0.7535","Nannobrachium achirus","0.753",2.00450460950312,"Modeled_apriori"
"0.8455","Nannobrachium achirus","0.845",2.00517277591996,"Modeled_apriori"
"0.9475","Nannobrachium achirus","0.947",2.00592990973557,"Modeled_apriori"
"1.065","Nannobrachium achirus","1.06",2.00677595012427,"Modeled_apriori"
"1.195","Nannobrachium achirus","1.19",2.00769246846859,"Modeled_apriori"
"1.335","Nannobrachium achirus","1.33",2.00871083023589,"Modeled_apriori"
"1.55","Nannobrachium achirus","1.5",2.00986465174602,"Modeled_apriori"
"1.685","Nannobrachium achirus","1.68",2.01117497105428,"Modeled_apriori"
"1.885","Nannobrachium achirus","1.88",2.0126759346136,"Modeled_apriori"
"2.115","Nannobrachium achirus","2.11",2.01437357832488,"Modeled_apriori"
"2.365","Nannobrachium achirus","2.36",2.01630669918904,"Modeled_apriori"
"2.655","Nannobrachium achirus","2.65",2.01853564089738,"Modeled_apriori"
"2.975","Nannobrachium achirus","2.97",2.02115328720068,"Modeled_apriori"
"3.335","Nannobrachium achirus","3.33",2.02446455572571,"Modeled_apriori"
"3.735","Nannobrachium achirus","3.73",2.02780801451577,"Modeled_apriori"
"4.185","Nannobrachium achirus","4.18",2.0314568899055,"Modeled_apriori"
"4.685","Nannobrachium achirus","4.68",2.0355784275041,"Modeled_apriori"
"5.255","Nannobrachium achirus","5.25",2.04023269856699,"Modeled_apriori"
"5.895","Nannobrachium achirus","5.89",2.04548718050343,"Modeled_apriori"
"6.65","Nannobrachium achirus","6.6",2.05141769628537,"Modeled_apriori"
"7.45","Nannobrachium achirus","7.4",2.05810957171862,"Modeled_apriori"
"8.295","Nannobrachium achirus","8.29",2.06565893641478,"Modeled_apriori"
"9.35","Nannobrachium achirus","9.3",2.07417291795736,"Modeled_apriori"
"10.45","Nannobrachium achirus","10.4",2.08376921900767,"Modeled_apriori"
"11.75","Nannobrachium achirus","11.7",2.09457697115892,"Modeled_apriori"
"13.15","Nannobrachium achirus","13.1",2.1067373721643,"Modeled_apriori"
"14.75","Nannobrachium achirus","14.7",2.12038951686237,"Modeled_apriori"
"16.55","Nannobrachium achirus","16.5",2.13571572582414,"Modeled_apriori"
"18.45","Nannobrachium achirus","18.4",2.15291395595748,"Modeled_apriori"
"20.75","Nannobrachium achirus","20.7",2.172214342557,"Modeled_apriori"
"23.25","Nannobrachium achirus","23.2",2.19393142437362,"Modeled_apriori"
"265","Nannobrachium achirus","26",2.21800697632695,"Modeled_apriori"
"29.15","Nannobrachium achirus","29.1",2.24487791913914,"Modeled_apriori"
"32.75","Nannobrachium achirus","32.7",2.27438001409774,"Modeled_apriori"
"36.65","Nannobrachium achirus","36.6",2.30678085942972,"Modeled_apriori"
"415","Nannobrachium achirus","41",2.34239433551396,"Modeled_apriori"
"465","Nannobrachium achirus","46",2.38139273377241,"Modeled_apriori"
"51.65","Nannobrachium achirus","51.6",2.42393219140312,"Modeled_apriori"
"57.85","Nannobrachium achirus","57.8",2.47015346630291,"Modeled_apriori"
"64.85","Nannobrachium achirus","64.8",2.52017680834617,"Modeled_apriori"
"72.65","Nannobrachium achirus","72.6",NA,"Modeled_apriori"
"81.45","Nannobrachium achirus","81.4",NA,"Modeled_apriori"
"0.0016","Cyclothone spp","0.001",2,"Modeled_apriori"
"0.001126","Cyclothone spp","0.00112",2.00000010072994,"Modeled_apriori"
"0.001266","Cyclothone spp","0.00126",2.00000023206017,"Modeled_apriori"
"0.001416","Cyclothone spp","0.00141",2.0000004005515,"Modeled_apriori"
"0.001586","Cyclothone spp","0.00158",2.00000061393451,"Modeled_apriori"
"0.001776","Cyclothone spp","0.00177",2.00000088129336,"Modeled_apriori"
"0.001986","Cyclothone spp","0.00198",2.00000121327644,"Modeled_apriori"
"0.002226","Cyclothone spp","0.00222",2.00000162233743,"Modeled_apriori"
"0.002496","Cyclothone spp","0.00249",2.00000212301127,"Modeled_apriori"
"0.00286","Cyclothone spp","0.0028",2.00000273222985,"Modeled_apriori"
"0.003136","Cyclothone spp","0.00313",2.0000034696831,"Modeled_apriori"
"0.003516","Cyclothone spp","0.00351",2.00000435823181,"Modeled_apriori"
"0.003946","Cyclothone spp","0.00394",2.0000054243795,"Modeled_apriori"
"0.004416","Cyclothone spp","0.00441",2.00000669881145,"Modeled_apriori"
"0.004956","Cyclothone spp","0.00495",2.00000821701033,"Modeled_apriori"
"0.005556","Cyclothone spp","0.00555",2.00001001995875,"Modeled_apriori"
"0.006226","Cyclothone spp","0.00622",2.00001215494063,"Modeled_apriori"
"0.006976","Cyclothone spp","0.00697",2.00001467645462,"Modeled_apriori"
"0.007816","Cyclothone spp","0.00781",2.00001764725446,"Modeled_apriori"
"0.008766","Cyclothone spp","0.00876",2.00002113953277,"Modeled_apriori"
"0.009826","Cyclothone spp","0.00982",2.0000252362669,"Modeled_apriori"
"0.0116","Cyclothone spp","0.011",2.00003003274744,"Modeled_apriori"
"0.01236","Cyclothone spp","0.0123",2.00003569072136,"Modeled_apriori"
"0.01386","Cyclothone spp","0.0138",2.00004231189437,"Modeled_apriori"
"0.01556","Cyclothone spp","0.0155",2.0000500510825,"Modeled_apriori"
"0.01746","Cyclothone spp","0.0174",2.00005908763509,"Modeled_apriori"
"0.01956","Cyclothone spp","0.0195",2.00006962958171,"Modeled_apriori"
"0.02186","Cyclothone spp","0.0218",2.00008191898654,"Modeled_apriori"
"0.02456","Cyclothone spp","0.0245",2.00009623977827,"Modeled_apriori"
"0.02746","Cyclothone spp","0.0274",2.00011292993799,"Modeled_apriori"
"0.03086","Cyclothone spp","0.0308",2.00013239396521,"Modeled_apriori"
"0.03456","Cyclothone spp","0.0345",2.00015510024687,"Modeled_apriori"
"0.03876","Cyclothone spp","0.0387",2.00018157720241,"Modeled_apriori"
"0.04336","Cyclothone spp","0.0433",2.00021243632697,"Modeled_apriori"
"0.04866","Cyclothone spp","0.0486",2.00024840565642,"Modeled_apriori"
"0.05456","Cyclothone spp","0.0545",2.00029037801759,"Modeled_apriori"
"0.06116","Cyclothone spp","0.0611",2.0003395319281,"Modeled_apriori"
"0.06846","Cyclothone spp","0.0684",2.00039769449766,"Modeled_apriori"
"0.07676","Cyclothone spp","0.0767",2.00046834111495,"Modeled_apriori"
"0.0866","Cyclothone spp","0.086",2.00055831256119,"Modeled_apriori"
"0.09646","Cyclothone spp","0.0964",2.00067743672672,"Modeled_apriori"
"0.1086","Cyclothone spp","0.108",2.00083408888172,"Modeled_apriori"
"0.1216","Cyclothone spp","0.121",2.00102845467623,"Modeled_apriori"
"0.1366","Cyclothone spp","0.136",2.00126315143313,"Modeled_apriori"
"0.1526","Cyclothone spp","0.152",2.0015462321783,"Modeled_apriori"
"0.1716","Cyclothone spp","0.171",2.00188484262492,"Modeled_apriori"
"0.1916","Cyclothone spp","0.191",2.00228735980568,"Modeled_apriori"
"0.2146","Cyclothone spp","0.214",2.00276310226594,"Modeled_apriori"
"0.246","Cyclothone spp","0.24",2.00332197640657,"Modeled_apriori"
"0.276","Cyclothone spp","0.27",2.00397348682339,"Modeled_apriori"
"0.3026","Cyclothone spp","0.302",2.00472225399355,"Modeled_apriori"
"0.3396","Cyclothone spp","0.339",2.00554260601925,"Modeled_apriori"
"0.386","Cyclothone spp","0.38",2.00632421140425,"Modeled_apriori"
"0.4266","Cyclothone spp","0.426",2.00721419439463,"Modeled_apriori"
"0.4776","Cyclothone spp","0.477",2.00823080492059,"Modeled_apriori"
"0.5356","Cyclothone spp","0.535",2.00937604652506,"Modeled_apriori"
"0.66","Cyclothone spp","0.6",2.01067528088086,"Modeled_apriori"
"0.6726","Cyclothone spp","0.672",2.01214726837009,"Modeled_apriori"
"0.7536","Cyclothone spp","0.753",2.01381217754377,"Modeled_apriori"
"0.8456","Cyclothone spp","0.845",2.01569047173502,"Modeled_apriori"
"0.9476","Cyclothone spp","0.947",2.01779954618708,"Modeled_apriori"
"1.066","Cyclothone spp","1.06",2.02014682089596,"Modeled_apriori"
"1.196","Cyclothone spp","1.19",2.0227107882991,"Modeled_apriori"
"1.336","Cyclothone spp","1.33",2.02555053882169,"Modeled_apriori"
"1.56","Cyclothone spp","1.5",2.02872830130223,"Modeled_apriori"
"1.686","Cyclothone spp","1.68",2.03228506729634,"Modeled_apriori"
"1.886","Cyclothone spp","1.88",2.03627805634314,"Modeled_apriori"
"2.116","Cyclothone spp","2.11",2.04073105192033,"Modeled_apriori"
"2.366","Cyclothone spp","2.36",2.04570679015772,"Modeled_apriori"
"2.656","Cyclothone spp","2.65",2.05129176019331,"Modeled_apriori"
"2.976","Cyclothone spp","2.97",2.05760502503803,"Modeled_apriori"
"3.336","Cyclothone spp","3.33",2.06498287799136,"Modeled_apriori"
"3.736","Cyclothone spp","3.73",NA,"Modeled_apriori"
"4.186","Cyclothone spp","4.18",NA,"Modeled_apriori"
"4.686","Cyclothone spp","4.68",NA,"Modeled_apriori"
"5.256","Cyclothone spp","5.25",NA,"Modeled_apriori"
"5.896","Cyclothone spp","5.89",NA,"Modeled_apriori"
"6.66","Cyclothone spp","6.6",NA,"Modeled_apriori"
"7.46","Cyclothone spp","7.4",NA,"Modeled_apriori"
"8.296","Cyclothone spp","8.29",NA,"Modeled_apriori"
"9.36","Cyclothone spp","9.3",NA,"Modeled_apriori"
"10.46","Cyclothone spp","10.4",NA,"Modeled_apriori"
"11.76","Cyclothone spp","11.7",NA,"Modeled_apriori"
"13.16","Cyclothone spp","13.1",NA,"Modeled_apriori"
"14.76","Cyclothone spp","14.7",NA,"Modeled_apriori"
"16.56","Cyclothone spp","16.5",NA,"Modeled_apriori"
"18.46","Cyclothone spp","18.4",NA,"Modeled_apriori"
"20.76","Cyclothone spp","20.7",NA,"Modeled_apriori"
"23.26","Cyclothone spp","23.2",NA,"Modeled_apriori"
"266","Cyclothone spp","26",NA,"Modeled_apriori"
"29.16","Cyclothone spp","29.1",NA,"Modeled_apriori"
"32.76","Cyclothone spp","32.7",NA,"Modeled_apriori"
"36.66","Cyclothone spp","36.6",NA,"Modeled_apriori"
"416","Cyclothone spp","41",NA,"Modeled_apriori"
"466","Cyclothone spp","46",NA,"Modeled_apriori"
"51.66","Cyclothone spp","51.6",NA,"Modeled_apriori"
"57.86","Cyclothone spp","57.8",NA,"Modeled_apriori"
"64.86","Cyclothone spp","64.8",NA,"Modeled_apriori"
"72.66","Cyclothone spp","72.6",NA,"Modeled_apriori"
"81.46","Cyclothone spp","81.4",NA,"Modeled_apriori"
"0.0017","Bathylagus spp","0.001",2,"Modeled_apriori"
"0.001127","Bathylagus spp","0.00112",2.0000000304567,"Modeled_apriori"
"0.001267","Bathylagus spp","0.00126",2.00000007018863,"Modeled_apriori"
"0.001417","Bathylagus spp","0.00141",2.00000012118911,"Modeled_apriori"
"0.001587","Bathylagus spp","0.00158",2.00000018580785,"Modeled_apriori"
"0.001777","Bathylagus spp","0.00177",2.00000026680715,"Modeled_apriori"
"0.001987","Bathylagus spp","0.00198",2.00000036742637,"Modeled_apriori"
"0.002227","Bathylagus spp","0.00222",2.00000049145577,"Modeled_apriori"
"0.002497","Bathylagus spp","0.00249",2.00000064332108,"Modeled_apriori"
"0.00287","Bathylagus spp","0.0028",2.00000082818036,"Modeled_apriori"
"0.003137","Bathylagus spp","0.00313",2.00000105203483,"Modeled_apriori"
"0.003517","Bathylagus spp","0.00351",2.00000132185577,"Modeled_apriori"
"0.003947","Bathylagus spp","0.00394",2.00000164572962,"Modeled_apriori"
"0.004417","Bathylagus spp","0.00441",2.00000203302398,"Modeled_apriori"
"0.004957","Bathylagus spp","0.00495",2.00000249457735,"Modeled_apriori"
"0.005557","Bathylagus spp","0.00555",2.00000304291588,"Modeled_apriori"
"0.006227","Bathylagus spp","0.00622",2.00000369250095,"Modeled_apriori"
"0.006977","Bathylagus spp","0.00697",2.00000446001168,"Modeled_apriori"
"0.007817","Bathylagus spp","0.00781",2.00000536466712,"Modeled_apriori"
"0.008767","Bathylagus spp","0.00876",2.0000064285933,"Modeled_apriori"
"0.009827","Bathylagus spp","0.00982",2.00000767724128,"Modeled_apriori"
"0.0117","Bathylagus spp","0.011",2.00000913986261,"Modeled_apriori"
"0.01237","Bathylagus spp","0.0123",2.00001086600628,"Modeled_apriori"
"0.01387","Bathylagus spp","0.0138",2.00001288723654,"Modeled_apriori"
"0.01557","Bathylagus spp","0.0155",2.00001525130883,"Modeled_apriori"
"0.01747","Bathylagus spp","0.0174",2.00001801365497,"Modeled_apriori"
"0.01957","Bathylagus spp","0.0195",2.00002123878993,"Modeled_apriori"
"0.02187","Bathylagus spp","0.0218",2.00002500235581,"Modeled_apriori"
"0.02457","Bathylagus spp","0.0245",2.00002939473502,"Modeled_apriori"
"0.02747","Bathylagus spp","0.0274",2.00003452762948,"Modeled_apriori"
"0.03087","Bathylagus spp","0.0308",2.00004054036169,"Modeled_apriori"
"0.03457","Bathylagus spp","0.0345",2.00004759385268,"Modeled_apriori"
"0.03877","Bathylagus spp","0.0387",2.00005586279718,"Modeled_apriori"
"0.04337","Bathylagus spp","0.0433",2.00006554721454,"Modeled_apriori"
"0.04867","Bathylagus spp","0.0486",2.00007688854852,"Modeled_apriori"
"0.05457","Bathylagus spp","0.0545",2.00009018650373,"Modeled_apriori"
"0.06117","Bathylagus spp","0.0611",2.00010583621626,"Modeled_apriori"
"0.06847","Bathylagus spp","0.0684",2.00012443522654,"Modeled_apriori"
"0.07677","Bathylagus spp","0.0767",2.00014706974982,"Modeled_apriori"
"0.0867","Bathylagus spp","0.086",2.00017579624923,"Modeled_apriori"
"0.09647","Bathylagus spp","0.0964",2.0002135708949,"Modeled_apriori"
"0.1087","Bathylagus spp","0.108",2.00026336030084,"Modeled_apriori"
"0.1217","Bathylagus spp","0.121",2.00032356348051,"Modeled_apriori"
"0.1367","Bathylagus spp","0.136",2.00039442308253,"Modeled_apriori"
"0.1527","Bathylagus spp","0.152",2.00047954002562,"Modeled_apriori"
"0.1717","Bathylagus spp","0.171",2.00058103041752,"Modeled_apriori"
"0.1917","Bathylagus spp","0.191",2.0007013825654,"Modeled_apriori"
"0.2147","Bathylagus spp","0.214",2.00084341897119,"Modeled_apriori"
"0.247","Bathylagus spp","0.24",2.00101031905826,"Modeled_apriori"
"0.277","Bathylagus spp","0.27",2.00120565482969,"Modeled_apriori"
"0.3027","Bathylagus spp","0.302",2.00143254867212,"Modeled_apriori"
"0.3397","Bathylagus spp","0.339",2.0016864756192,"Modeled_apriori"
"0.387","Bathylagus spp","0.38",2.00193999172185,"Modeled_apriori"
"0.4267","Bathylagus spp","0.426",2.00223362580376,"Modeled_apriori"
"0.4777","Bathylagus spp","0.477",2.00257426374368,"Modeled_apriori"
"0.5357","Bathylagus spp","0.535",2.00296199133541,"Modeled_apriori"
"0.67","Bathylagus spp","0.6",2.00340764388684,"Modeled_apriori"
"0.6727","Bathylagus spp","0.672",2.00391903871057,"Modeled_apriori"
"0.7537","Bathylagus spp","0.753",2.00450460950312,"Modeled_apriori"
"0.8457","Bathylagus spp","0.845",2.00517277591996,"Modeled_apriori"
"0.9477","Bathylagus spp","0.947",2.00592990973557,"Modeled_apriori"
"1.067","Bathylagus spp","1.06",2.00677595012427,"Modeled_apriori"
"1.197","Bathylagus spp","1.19",2.00769246846859,"Modeled_apriori"
"1.337","Bathylagus spp","1.33",2.00871083023589,"Modeled_apriori"
"1.57","Bathylagus spp","1.5",2.00986465174602,"Modeled_apriori"
"1.687","Bathylagus spp","1.68",2.01117497105428,"Modeled_apriori"
"1.887","Bathylagus spp","1.88",2.0126759346136,"Modeled_apriori"
"2.117","Bathylagus spp","2.11",2.01437357832488,"Modeled_apriori"
"2.367","Bathylagus spp","2.36",2.01630669918904,"Modeled_apriori"
"2.657","Bathylagus spp","2.65",2.01853564089738,"Modeled_apriori"
"2.977","Bathylagus spp","2.97",2.02115328720068,"Modeled_apriori"
"3.337","Bathylagus spp","3.33",2.02446455572571,"Modeled_apriori"
"3.737","Bathylagus spp","3.73",2.02780801451577,"Modeled_apriori"
"4.187","Bathylagus spp","4.18",2.0314568899055,"Modeled_apriori"
"4.687","Bathylagus spp","4.68",2.0355784275041,"Modeled_apriori"
"5.257","Bathylagus spp","5.25",2.04023269856699,"Modeled_apriori"
"5.897","Bathylagus spp","5.89",2.04548718050343,"Modeled_apriori"
"6.67","Bathylagus spp","6.6",2.05141769628537,"Modeled_apriori"
"7.47","Bathylagus spp","7.4",2.05810957171862,"Modeled_apriori"
"8.297","Bathylagus spp","8.29",2.06565893641478,"Modeled_apriori"
"9.37","Bathylagus spp","9.3",2.07417291795736,"Modeled_apriori"
"10.47","Bathylagus spp","10.4",2.08376921900767,"Modeled_apriori"
"11.77","Bathylagus spp","11.7",2.09457697115892,"Modeled_apriori"
"13.17","Bathylagus spp","13.1",2.1067373721643,"Modeled_apriori"
"14.77","Bathylagus spp","14.7",2.12038951686237,"Modeled_apriori"
"16.57","Bathylagus spp","16.5",2.13571572582414,"Modeled_apriori"
"18.47","Bathylagus spp","18.4",2.15291395595748,"Modeled_apriori"
"20.77","Bathylagus spp","20.7",2.172214342557,"Modeled_apriori"
"23.27","Bathylagus spp","23.2",2.19393142437362,"Modeled_apriori"
"267","Bathylagus spp","26",2.21800697632695,"Modeled_apriori"
"29.17","Bathylagus spp","29.1",2.24487791913914,"Modeled_apriori"
"32.77","Bathylagus spp","32.7",2.27438001409774,"Modeled_apriori"
"36.67","Bathylagus spp","36.6",2.30678085942972,"Modeled_apriori"
"417","Bathylagus spp","41",2.34239433551396,"Modeled_apriori"
"467","Bathylagus spp","46",2.38139273377241,"Modeled_apriori"
"51.67","Bathylagus spp","51.6",2.42393219140312,"Modeled_apriori"
"57.87","Bathylagus spp","57.8",2.47015346630291,"Modeled_apriori"
"64.87","Bathylagus spp","64.8",2.52017680834617,"Modeled_apriori"
"72.67","Bathylagus spp","72.6",2.57353395708668,"Modeled_apriori"
"81.47","Bathylagus spp","81.4",2.63059868090551,"Modeled_apriori"
"0.0018","Cranchidae","0.001",2,"Modeled_apriori"
"0.001128","Cranchidae","0.00112",2.00000180975665,"Modeled_apriori"
"0.001268","Cranchidae","0.00126",2.00000408897978,"Modeled_apriori"
"0.001418","Cranchidae","0.00141",2.00000692393068,"Modeled_apriori"
"0.001588","Cranchidae","0.00158",2.00001041446312,"Modeled_apriori"
"0.001778","Cranchidae","0.00177",2.00001467604694,"Modeled_apriori"
"0.001988","Cranchidae","0.00198",2.00001984209419,"Modeled_apriori"
"0.002228","Cranchidae","0.00222",2.0000260666333,"Modeled_apriori"
"0.002498","Cranchidae","0.00249",2.00003352738213,"Modeled_apriori"
"0.00288","Cranchidae","0.0028",2.00004242927811,"Modeled_apriori"
"0.003138","Cranchidae","0.00313",2.00005300853065,"Modeled_apriori"
"0.003518","Cranchidae","0.00351",2.00006553726974,"Modeled_apriori"
"0.003948","Cranchidae","0.00394",2.00008032887308,"Modeled_apriori"
"0.004418","Cranchidae","0.00441",2.00009774406433,"Modeled_apriori"
"0.004958","Cranchidae","0.00495",2.00011819788553,"Modeled_apriori"
"0.005558","Cranchidae","0.00555",2.0001421676581,"Modeled_apriori"
"0.006228","Cranchidae","0.00622",2.00017020205943,"Modeled_apriori"
"0.006978","Cranchidae","0.00697",2.00020293145498,"Modeled_apriori"
"0.007818","Cranchidae","0.00781",2.00024107964009,"Modeled_apriori"
"0.008768","Cranchidae","0.00876",2.00028547716005,"Modeled_apriori"
"0.009828","Cranchidae","0.00982",2.00033707639311,"Modeled_apriori"
"0.0118","Cranchidae","0.011",2.00039696859747,"Modeled_apriori"
"0.01238","Cranchidae","0.0123",2.00046926468809,"Modeled_apriori"
"0.01388","Cranchidae","0.0138",2.00055390023775,"Modeled_apriori"
"0.01558","Cranchidae","0.0155",2.00065297462774,"Modeled_apriori"
"0.01748","Cranchidae","0.0174",2.00076895538002,"Modeled_apriori"
"0.01958","Cranchidae","0.0195",2.00090474670729,"Modeled_apriori"
"0.02188","Cranchidae","0.0218",2.00106377560434,"Modeled_apriori"
"0.02458","Cranchidae","0.0245",2.00125010871232,"Modeled_apriori"
"0.02748","Cranchidae","0.0274",2.00146861950684,"Modeled_apriori"
"0.03088","Cranchidae","0.0308",2.00172516955291,"Modeled_apriori"
"0.03458","Cranchidae","0.0345",2.00202665926604,"Modeled_apriori"
"0.03878","Cranchidae","0.0387",2.00238108490809,"Modeled_apriori"
"0.04338","Cranchidae","0.0433",2.00279788883871,"Modeled_apriori"
"0.04868","Cranchidae","0.0486",2.00328848765894,"Modeled_apriori"
"0.05458","Cranchidae","0.0545",2.00386717062275,"Modeled_apriori"
"0.06118","Cranchidae","0.0611",2.00455347431449,"Modeled_apriori"
"0.06848","Cranchidae","0.0684",2.00537948692553,"Modeled_apriori"
"0.07678","Cranchidae","0.0767",2.00641042216003,"Modeled_apriori"
"0.0868","Cranchidae","0.086",2.00778083392256,"Modeled_apriori"
"0.09648","Cranchidae","0.0964",2.00968675649997,"Modeled_apriori"
"0.1088","Cranchidae","0.108",2.01228315922485,"Modeled_apriori"
"0.1218","Cranchidae","0.121",2.01559423469604,"Modeled_apriori"
"0.1368","Cranchidae","0.136",2.01966662780467,"Modeled_apriori"
"0.1528","Cranchidae","0.152",2.02461958750029,"Modeled_apriori"
"0.1718","Cranchidae","0.171",2.03057100254354,"Modeled_apriori"
"0.1918","Cranchidae","0.191",2.03765456698618,"Modeled_apriori"
"0.2148","Cranchidae","0.214",2.04600965724599,"Modeled_apriori"
"0.248","Cranchidae","0.24",2.05576912958214,"Modeled_apriori"
"0.278","Cranchidae","0.27",2.06703290969599,"Modeled_apriori"
"0.3028","Cranchidae","0.302",2.07976525420378,"Modeled_apriori"
"0.3398","Cranchidae","0.339",2.09323779688071,"Modeled_apriori"
"0.388","Cranchidae","0.38",2.10480747628497,"Modeled_apriori"
"0.4268","Cranchidae","0.426",2.11768471290612,"Modeled_apriori"
"0.4778","Cranchidae","0.477",2.13214652075948,"Modeled_apriori"
"0.5358","Cranchidae","0.535",2.14789044586179,"Modeled_apriori"
"0.68","Cranchidae","0.6",2.16527856701071,"Modeled_apriori"
"0.6728","Cranchidae","0.672",2.18439705883184,"Modeled_apriori"
"0.7538","Cranchidae","0.753",2.20530130258521,"Modeled_apriori"
"0.8458","Cranchidae","0.845",2.22797968430391,"Modeled_apriori"
"0.9478","Cranchidae","0.947",2.2522723528089,"Modeled_apriori"
"1.068","Cranchidae","1.06",2.27773430388101,"Modeled_apriori"
"1.198","Cranchidae","1.19",2.303265107219,"Modeled_apriori"
"1.338","Cranchidae","1.33",2.32952204009291,"Modeled_apriori"
"1.58","Cranchidae","1.5",2.3570657631376,"Modeled_apriori"
"1.688","Cranchidae","1.68",2.38582998273733,"Modeled_apriori"
"1.888","Cranchidae","1.88",2.41580863356864,"Modeled_apriori"
"2.118","Cranchidae","2.11",2.44667306169614,"Modeled_apriori"
"2.368","Cranchidae","2.36",2.47831843704788,"Modeled_apriori"
"2.658","Cranchidae","2.65",2.51068197596858,"Modeled_apriori"
"2.978","Cranchidae","2.97",2.54366429553903,"Modeled_apriori"
"3.338","Cranchidae","3.33",2.57740283427394,"Modeled_apriori"
"3.738","Cranchidae","3.73",2.6107960603215,"Modeled_apriori"
"4.188","Cranchidae","4.18",2.64399332849328,"Modeled_apriori"
"4.688","Cranchidae","4.68",2.67696885348759,"Modeled_apriori"
"5.258","Cranchidae","5.25",2.7095583909578,"Modeled_apriori"
"5.898","Cranchidae","5.89",2.74161194422339,"Modeled_apriori"
"6.68","Cranchidae","6.6",2.77299749306495,"Modeled_apriori"
"7.48","Cranchidae","7.4",2.80360428591436,"Modeled_apriori"
"8.298","Cranchidae","8.29",2.83334602767862,"Modeled_apriori"
"9.38","Cranchidae","9.3",2.86215756639674,"Modeled_apriori"
"10.48","Cranchidae","10.4",2.88998969428929,"Modeled_apriori"
"11.78","Cranchidae","11.7",2.91681210003926,"Modeled_apriori"
"13.18","Cranchidae","13.1",2.94261600939132,"Modeled_apriori"
"14.78","Cranchidae","14.7",2.96738553262287,"Modeled_apriori"
"16.58","Cranchidae","16.5",2.99119813238598,"Modeled_apriori"
"18.48","Cranchidae","18.4",3.01416401871001,"Modeled_apriori"
"20.78","Cranchidae","20.7",3.03651579015618,"Modeled_apriori"
"23.28","Cranchidae","23.2",NA,"Modeled_apriori"
"268","Cranchidae","26",NA,"Modeled_apriori"
"29.18","Cranchidae","29.1",NA,"Modeled_apriori"
"32.78","Cranchidae","32.7",NA,"Modeled_apriori"
"36.68","Cranchidae","36.6",NA,"Modeled_apriori"
"418","Cranchidae","41",NA,"Modeled_apriori"
"468","Cranchidae","46",NA,"Modeled_apriori"
"51.68","Cranchidae","51.6",NA,"Modeled_apriori"
"57.88","Cranchidae","57.8",NA,"Modeled_apriori"
"64.88","Cranchidae","64.8",NA,"Modeled_apriori"
"72.68","Cranchidae","72.6",NA,"Modeled_apriori"
"81.48","Cranchidae","81.4",NA,"Modeled_apriori"
"0.0019","Chaetognath","0.001",2,"Modeled_apriori"
"0.001129","Chaetognath","0.00112",2.00000214315444,"Modeled_apriori"
"0.001269","Chaetognath","0.00126",2.00000483369752,"Modeled_apriori"
"0.001419","Chaetognath","0.00141",2.00000817082277,"Modeled_apriori"
"0.001589","Chaetognath","0.00158",2.00001226922357,"Modeled_apriori"
"0.001779","Chaetognath","0.00177",2.00001726140147,"Modeled_apriori"
"0.001989","Chaetognath","0.00198",2.00002330032191,"Modeled_apriori"
"0.002229","Chaetognath","0.00222",2.00003056246896,"Modeled_apriori"
"0.002499","Chaetognath","0.00249",2.00003925135771,"Modeled_apriori"
"0.00289","Chaetognath","0.0028",2.00004960157074,"Modeled_apriori"
"0.003139","Chaetognath","0.00313",2.00006188339334,"Modeled_apriori"
"0.003519","Chaetognath","0.00351",2.00007640813152,"Modeled_apriori"
"0.003949","Chaetognath","0.00394",2.00009353420704,"Modeled_apriori"
"0.004419","Chaetognath","0.00441",2.00011367413452,"Modeled_apriori"
"0.004959","Chaetognath","0.00495",2.00013730249783,"Modeled_apriori"
"0.005559","Chaetognath","0.00555",2.00016496505557,"Modeled_apriori"
"0.006229","Chaetognath","0.00622",2.00019728911946,"Modeled_apriori"
"0.006979","Chaetognath","0.00697",2.00023499536388,"Modeled_apriori"
"0.007819","Chaetognath","0.00781",2.00027891124048,"Modeled_apriori"
"0.008769","Chaetognath","0.00876",2.000329986188,"Modeled_apriori"
"0.009829","Chaetognath","0.00982",2.00038930884459,"Modeled_apriori"
"0.0119","Chaetognath","0.011",2.000458126488,"Modeled_apriori"
"0.01239","Chaetognath","0.0123",2.00054155474788,"Modeled_apriori"
"0.01389","Chaetognath","0.0138",2.00063928437126,"Modeled_apriori"
"0.01559","Chaetognath","0.0155",2.00075377056016,"Modeled_apriori"
"0.01749","Chaetognath","0.0174",2.00088790383729,"Modeled_apriori"
"0.01959","Chaetognath","0.0195",2.00104509175961,"Modeled_apriori"
"0.02189","Chaetognath","0.0218",2.0012293610954,"Modeled_apriori"
"0.02459","Chaetognath","0.0245",2.00144549496552,"Modeled_apriori"
"0.02749","Chaetognath","0.0274",2.00169922633597,"Modeled_apriori"
"0.03089","Chaetognath","0.0308",2.00199744973908,"Modeled_apriori"
"0.03459","Chaetognath","0.0345",2.00234829709709,"Modeled_apriori"
"0.03879","Chaetognath","0.0387",2.00276122494115,"Modeled_apriori"
"0.04339","Chaetognath","0.0433",2.00324742436747,"Modeled_apriori"
"0.04869","Chaetognath","0.0486",2.00382044129146,"Modeled_apriori"
"0.05459","Chaetognath","0.0545",2.00449725115265,"Modeled_apriori"
"0.06119","Chaetognath","0.0611",2.00530111085013,"Modeled_apriori"
"0.06849","Chaetognath","0.0684",2.00627034592685,"Modeled_apriori"
"0.07679","Chaetognath","0.0767",2.00748314543583,"Modeled_apriori"
"0.0869","Chaetognath","0.086",2.00910127905581,"Modeled_apriori"
"0.09649","Chaetognath","0.0964",2.01136053402468,"Modeled_apriori"
"0.1089","Chaetognath","0.108",2.01444570794093,"Modeled_apriori"
"0.1219","Chaetognath","0.121",2.01838896683301,"Modeled_apriori"
"0.1369","Chaetognath","0.136",2.02324558029908,"Modeled_apriori"
"0.1529","Chaetognath","0.152",2.02915242473201,"Modeled_apriori"
"0.1719","Chaetognath","0.171",2.03624640269143,"Modeled_apriori"
"0.1919","Chaetognath","0.191",2.04468120296606,"Modeled_apriori"
"0.2149","Chaetognath","0.214",2.0546143425272,"Modeled_apriori"
"0.249","Chaetognath","0.24",2.06619181909978,"Modeled_apriori"
"0.279","Chaetognath","0.27",2.07951619113576,"Modeled_apriori"
"0.3029","Chaetognath","0.302",2.09452413324411,"Modeled_apriori"
"0.3399","Chaetognath","0.339",2.11032373204388,"Modeled_apriori"
"0.389","Chaetognath","0.38",2.12375022635783,"Modeled_apriori"
"0.4269","Chaetognath","0.426",2.13864298702372,"Modeled_apriori"
"0.4779","Chaetognath","0.477",2.15531566633699,"Modeled_apriori"
"0.5359","Chaetognath","0.535",2.17337546407398,"Modeled_apriori"
"0.69","Chaetognath","0.6",2.19323304877224,"Modeled_apriori"
"0.6729","Chaetognath","0.672",2.21495966426574,"Modeled_apriori"
"0.7539","Chaetognath","0.753",2.23858582533746,"Modeled_apriori"
"0.8459","Chaetognath","0.845",2.26405861912005,"Modeled_apriori"
"0.9479","Chaetognath","0.947",2.29114663659194,"Modeled_apriori"
"1.069","Chaetognath","1.06",2.31928203022301,"Modeled_apriori"
"1.199","Chaetognath","1.19",NA,"Modeled_apriori"
"1.339","Chaetognath","1.33",NA,"Modeled_apriori"
"1.59","Chaetognath","1.5",NA,"Modeled_apriori"
"1.689","Chaetognath","1.68",NA,"Modeled_apriori"
"1.889","Chaetognath","1.88",NA,"Modeled_apriori"
"2.119","Chaetognath","2.11",NA,"Modeled_apriori"
"2.369","Chaetognath","2.36",NA,"Modeled_apriori"
"2.659","Chaetognath","2.65",NA,"Modeled_apriori"
"2.979","Chaetognath","2.97",NA,"Modeled_apriori"
"3.339","Chaetognath","3.33",NA,"Modeled_apriori"
"3.739","Chaetognath","3.73",NA,"Modeled_apriori"
"4.189","Chaetognath","4.18",NA,"Modeled_apriori"
"4.689","Chaetognath","4.68",NA,"Modeled_apriori"
"5.259","Chaetognath","5.25",NA,"Modeled_apriori"
"5.899","Chaetognath","5.89",NA,"Modeled_apriori"
"6.69","Chaetognath","6.6",NA,"Modeled_apriori"
"7.49","Chaetognath","7.4",NA,"Modeled_apriori"
"8.299","Chaetognath","8.29",NA,"Modeled_apriori"
"9.39","Chaetognath","9.3",NA,"Modeled_apriori"
"10.49","Chaetognath","10.4",NA,"Modeled_apriori"
"11.79","Chaetognath","11.7",NA,"Modeled_apriori"
"13.19","Chaetognath","13.1",NA,"Modeled_apriori"
"14.79","Chaetognath","14.7",NA,"Modeled_apriori"
"16.59","Chaetognath","16.5",NA,"Modeled_apriori"
"18.49","Chaetognath","18.4",NA,"Modeled_apriori"
"20.79","Chaetognath","20.7",NA,"Modeled_apriori"
"23.29","Chaetognath","23.2",NA,"Modeled_apriori"
"269","Chaetognath","26",NA,"Modeled_apriori"
"29.19","Chaetognath","29.1",NA,"Modeled_apriori"
"32.79","Chaetognath","32.7",NA,"Modeled_apriori"
"36.69","Chaetognath","36.6",NA,"Modeled_apriori"
"419","Chaetognath","41",NA,"Modeled_apriori"
"469","Chaetognath","46",NA,"Modeled_apriori"
"51.69","Chaetognath","51.6",NA,"Modeled_apriori"
"57.89","Chaetognath","57.8",NA,"Modeled_apriori"
"64.89","Chaetognath","64.8",NA,"Modeled_apriori"
"72.69","Chaetognath","72.6",NA,"Modeled_apriori"
"81.49","Chaetognath","81.4",NA,"Modeled_apriori"
"0.00110","Gymnosomata","0.001",2,"Modeled_apriori"
"0.0011210","Gymnosomata","0.00112",2.0000001413092,"Modeled_apriori"
"0.0012610","Gymnosomata","0.00126",2.00000031882725,"Modeled_apriori"
"0.0014110","Gymnosomata","0.00141",2.00000053913773,"Modeled_apriori"
"0.0015810","Gymnosomata","0.00158",2.00000080985716,"Modeled_apriori"
"0.0017710","Gymnosomata","0.00177",2.00000113978963,"Modeled_apriori"
"0.0019810","Gymnosomata","0.00198",2.00000153910489,"Modeled_apriori"
"0.0022210","Gymnosomata","0.00222",2.00000201954336,"Modeled_apriori"
"0.0024910","Gymnosomata","0.00249",2.00000259465218,"Modeled_apriori"
"0.002810","Gymnosomata","0.0028",2.00000328005669,"Modeled_apriori"
"0.0031310","Gymnosomata","0.00313",2.00000409377264,"Modeled_apriori"
"0.0035110","Gymnosomata","0.00351",2.00000505656488,"Modeled_apriori"
"0.0039410","Gymnosomata","0.00394",2.00000619235898,"Modeled_apriori"
"0.0044110","Gymnosomata","0.00441",2.00000752871326,"Modeled_apriori"
"0.0049510","Gymnosomata","0.00495",2.00000909735931,"Modeled_apriori"
"0.0055510","Gymnosomata","0.00555",2.00001093482024,"Modeled_apriori"
"0.0062210","Gymnosomata","0.00622",2.00001308311678,"Modeled_apriori"
"0.0069710","Gymnosomata","0.00697",2.00001559057266,"Modeled_apriori"
"0.0078110","Gymnosomata","0.00781",2.00001851273177,"Modeled_apriori"
"0.0087610","Gymnosomata","0.00876",2.00002191340101,"Modeled_apriori"
"0.0098210","Gymnosomata","0.00982",2.00002586583426,"Modeled_apriori"
"0.01110","Gymnosomata","0.011",2.00003045407486,"Modeled_apriori"
"0.012310","Gymnosomata","0.0123",2.00003601987887,"Modeled_apriori"
"0.013810","Gymnosomata","0.0138",2.00004254581939,"Modeled_apriori"
"0.015510","Gymnosomata","0.0155",2.00005019842135,"Modeled_apriori"
"0.017410","Gymnosomata","0.0174",2.00005917438582,"Modeled_apriori"
"0.019510","Gymnosomata","0.0195",2.0000697069745,"Modeled_apriori"
"0.021810","Gymnosomata","0.0218",2.00008207554439,"Modeled_apriori"
"0.024510","Gymnosomata","0.0245",2.00009662283776,"Modeled_apriori"
"0.027410","Gymnosomata","0.0274",2.00011378706437,"Modeled_apriori"
"0.030810","Gymnosomata","0.0308",2.00013413306952,"Modeled_apriori"
"0.034510","Gymnosomata","0.0345",2.00015832235572,"Modeled_apriori"
"0.038710","Gymnosomata","0.0387",2.00018707369736,"Modeled_apriori"
"0.043310","Gymnosomata","0.0433",2.00022122238342,"Modeled_apriori"
"0.048610","Gymnosomata","0.0486",2.0002618044448,"Modeled_apriori"
"0.054510","Gymnosomata","0.0545",2.00031014721617,"Modeled_apriori"
"0.061110","Gymnosomata","0.0611",2.00036807160453,"Modeled_apriori"
"0.068410","Gymnosomata","0.0684",2.0004384803027,"Modeled_apriori"
"0.076710","Gymnosomata","0.0767",2.00052695742482,"Modeled_apriori"
"0.08610","Gymnosomata","0.086",2.00064453541957,"Modeled_apriori"
"0.096410","Gymnosomata","0.0964",2.00080746939517,"Modeled_apriori"
"0.10810","Gymnosomata","0.108",2.0010322720521,"Modeled_apriori"
"0.12110","Gymnosomata","0.121",2.00130875334349,"Modeled_apriori"
"0.13610","Gymnosomata","0.136",2.00163722644011,"Modeled_apriori"
"0.15210","Gymnosomata","0.152",2.00203820016436,"Modeled_apriori"
"0.17110","Gymnosomata","0.171",2.00252315027746,"Modeled_apriori"
"0.19110","Gymnosomata","0.191",2.00310574703629,"Modeled_apriori"
"0.21410","Gymnosomata","0.214",2.00380161226028,"Modeled_apriori"
"0.2410","Gymnosomata","0.24",2.00462843540784,"Modeled_apriori"
"0.2710","Gymnosomata","0.27",2.00560616099653,"Modeled_apriori"
"0.30210","Gymnosomata","0.302",2.00675109102907,"Modeled_apriori"
"0.33910","Gymnosomata","0.339",NA,"Modeled_apriori"
"0.3810","Gymnosomata","0.38",NA,"Modeled_apriori"
"0.42610","Gymnosomata","0.426",NA,"Modeled_apriori"
"0.47710","Gymnosomata","0.477",NA,"Modeled_apriori"
"0.53510","Gymnosomata","0.535",NA,"Modeled_apriori"
"0.610","Gymnosomata","0.6",NA,"Modeled_apriori"
"0.67210","Gymnosomata","0.672",NA,"Modeled_apriori"
"0.75310","Gymnosomata","0.753",NA,"Modeled_apriori"
"0.84510","Gymnosomata","0.845",NA,"Modeled_apriori"
"0.94710","Gymnosomata","0.947",NA,"Modeled_apriori"
"1.0610","Gymnosomata","1.06",NA,"Modeled_apriori"
"1.1910","Gymnosomata","1.19",NA,"Modeled_apriori"
"1.3310","Gymnosomata","1.33",NA,"Modeled_apriori"
"1.510","Gymnosomata","1.5",NA,"Modeled_apriori"
"1.6810","Gymnosomata","1.68",NA,"Modeled_apriori"
"1.8810","Gymnosomata","1.88",NA,"Modeled_apriori"
"2.1110","Gymnosomata","2.11",NA,"Modeled_apriori"
"2.3610","Gymnosomata","2.36",NA,"Modeled_apriori"
"2.6510","Gymnosomata","2.65",NA,"Modeled_apriori"
"2.9710","Gymnosomata","2.97",NA,"Modeled_apriori"
"3.3310","Gymnosomata","3.33",NA,"Modeled_apriori"
"3.7310","Gymnosomata","3.73",NA,"Modeled_apriori"
"4.1810","Gymnosomata","4.18",NA,"Modeled_apriori"
"4.6810","Gymnosomata","4.68",NA,"Modeled_apriori"
"5.2510","Gymnosomata","5.25",NA,"Modeled_apriori"
"5.8910","Gymnosomata","5.89",NA,"Modeled_apriori"
"6.610","Gymnosomata","6.6",NA,"Modeled_apriori"
"7.410","Gymnosomata","7.4",NA,"Modeled_apriori"
"8.2910","Gymnosomata","8.29",NA,"Modeled_apriori"
"9.310","Gymnosomata","9.3",NA,"Modeled_apriori"
"10.410","Gymnosomata","10.4",NA,"Modeled_apriori"
"11.710","Gymnosomata","11.7",NA,"Modeled_apriori"
"13.110","Gymnosomata","13.1",NA,"Modeled_apriori"
"14.710","Gymnosomata","14.7",NA,"Modeled_apriori"
"16.510","Gymnosomata","16.5",NA,"Modeled_apriori"
"18.410","Gymnosomata","18.4",NA,"Modeled_apriori"
"20.710","Gymnosomata","20.7",NA,"Modeled_apriori"
"23.210","Gymnosomata","23.2",NA,"Modeled_apriori"
"2610","Gymnosomata","26",NA,"Modeled_apriori"
"29.110","Gymnosomata","29.1",NA,"Modeled_apriori"
"32.710","Gymnosomata","32.7",NA,"Modeled_apriori"
"36.610","Gymnosomata","36.6",NA,"Modeled_apriori"
"4110","Gymnosomata","41",NA,"Modeled_apriori"
"4610","Gymnosomata","46",NA,"Modeled_apriori"
"51.610","Gymnosomata","51.6",NA,"Modeled_apriori"
"57.810","Gymnosomata","57.8",NA,"Modeled_apriori"
"64.810","Gymnosomata","64.8",NA,"Modeled_apriori"
"72.610","Gymnosomata","72.6",NA,"Modeled_apriori"
"81.410","Gymnosomata","81.4",NA,"Modeled_apriori"
"0.00111","Pyrosoma atlanticum","0.001",2,"Modeled_apriori"
"0.0011211","Pyrosoma atlanticum","0.00112",2,"Modeled_apriori"
"0.0012611","Pyrosoma atlanticum","0.00126",2,"Modeled_apriori"
"0.0014111","Pyrosoma atlanticum","0.00141",2,"Modeled_apriori"
"0.0015811","Pyrosoma atlanticum","0.00158",2,"Modeled_apriori"
"0.0017711","Pyrosoma atlanticum","0.00177",2,"Modeled_apriori"
"0.0019811","Pyrosoma atlanticum","0.00198",2,"Modeled_apriori"
"0.0022211","Pyrosoma atlanticum","0.00222",2,"Modeled_apriori"
"0.0024911","Pyrosoma atlanticum","0.00249",2,"Modeled_apriori"
"0.002811","Pyrosoma atlanticum","0.0028",2,"Modeled_apriori"
"0.0031311","Pyrosoma atlanticum","0.00313",2,"Modeled_apriori"
"0.0035111","Pyrosoma atlanticum","0.00351",2,"Modeled_apriori"
"0.0039411","Pyrosoma atlanticum","0.00394",2,"Modeled_apriori"
"0.0044111","Pyrosoma atlanticum","0.00441",2,"Modeled_apriori"
"0.0049511","Pyrosoma atlanticum","0.00495",2,"Modeled_apriori"
"0.0055511","Pyrosoma atlanticum","0.00555",2,"Modeled_apriori"
"0.0062211","Pyrosoma atlanticum","0.00622",2,"Modeled_apriori"
"0.0069711","Pyrosoma atlanticum","0.00697",2,"Modeled_apriori"
"0.0078111","Pyrosoma atlanticum","0.00781",2,"Modeled_apriori"
"0.0087611","Pyrosoma atlanticum","0.00876",2,"Modeled_apriori"
"0.0098211","Pyrosoma atlanticum","0.00982",2,"Modeled_apriori"
"0.01111","Pyrosoma atlanticum","0.011",2,"Modeled_apriori"
"0.012311","Pyrosoma atlanticum","0.0123",2,"Modeled_apriori"
"0.013811","Pyrosoma atlanticum","0.0138",2,"Modeled_apriori"
"0.015511","Pyrosoma atlanticum","0.0155",2,"Modeled_apriori"
"0.017411","Pyrosoma atlanticum","0.0174",2,"Modeled_apriori"
"0.019511","Pyrosoma atlanticum","0.0195",2,"Modeled_apriori"
"0.021811","Pyrosoma atlanticum","0.0218",2,"Modeled_apriori"
"0.024511","Pyrosoma atlanticum","0.0245",2,"Modeled_apriori"
"0.027411","Pyrosoma atlanticum","0.0274",2,"Modeled_apriori"
"0.030811","Pyrosoma atlanticum","0.0308",2,"Modeled_apriori"
"0.034511","Pyrosoma atlanticum","0.0345",2,"Modeled_apriori"
"0.038711","Pyrosoma atlanticum","0.0387",2,"Modeled_apriori"
"0.043311","Pyrosoma atlanticum","0.0433",2,"Modeled_apriori"
"0.048611","Pyrosoma atlanticum","0.0486",2,"Modeled_apriori"
"0.054511","Pyrosoma atlanticum","0.0545",2,"Modeled_apriori"
"0.061111","Pyrosoma atlanticum","0.0611",2,"Modeled_apriori"
"0.068411","Pyrosoma atlanticum","0.0684",2,"Modeled_apriori"
"0.076711","Pyrosoma atlanticum","0.0767",2,"Modeled_apriori"
"0.08611","Pyrosoma atlanticum","0.086",2,"Modeled_apriori"
"0.096411","Pyrosoma atlanticum","0.0964",2,"Modeled_apriori"
"0.10811","Pyrosoma atlanticum","0.108",2,"Modeled_apriori"
"0.12111","Pyrosoma atlanticum","0.121",2,"Modeled_apriori"
"0.13611","Pyrosoma atlanticum","0.136",2,"Modeled_apriori"
"0.15211","Pyrosoma atlanticum","0.152",2,"Modeled_apriori"
"0.17111","Pyrosoma atlanticum","0.171",2,"Modeled_apriori"
"0.19111","Pyrosoma atlanticum","0.191",2,"Modeled_apriori"
"0.21411","Pyrosoma atlanticum","0.214",2,"Modeled_apriori"
"0.2411","Pyrosoma atlanticum","0.24",2,"Modeled_apriori"
"0.2711","Pyrosoma atlanticum","0.27",2,"Modeled_apriori"
"0.30211","Pyrosoma atlanticum","0.302",2,"Modeled_apriori"
"0.33911","Pyrosoma atlanticum","0.339",NA,"Modeled_apriori"
"0.3811","Pyrosoma atlanticum","0.38",NA,"Modeled_apriori"
"0.42611","Pyrosoma atlanticum","0.426",NA,"Modeled_apriori"
"0.47711","Pyrosoma atlanticum","0.477",NA,"Modeled_apriori"
"0.53511","Pyrosoma atlanticum","0.535",NA,"Modeled_apriori"
"0.611","Pyrosoma atlanticum","0.6",NA,"Modeled_apriori"
"0.67211","Pyrosoma atlanticum","0.672",NA,"Modeled_apriori"
"0.75311","Pyrosoma atlanticum","0.753",NA,"Modeled_apriori"
"0.84511","Pyrosoma atlanticum","0.845",NA,"Modeled_apriori"
"0.94711","Pyrosoma atlanticum","0.947",NA,"Modeled_apriori"
"1.0611","Pyrosoma atlanticum","1.06",NA,"Modeled_apriori"
"1.1911","Pyrosoma atlanticum","1.19",NA,"Modeled_apriori"
"1.3311","Pyrosoma atlanticum","1.33",NA,"Modeled_apriori"
"1.511","Pyrosoma atlanticum","1.5",NA,"Modeled_apriori"
"1.6811","Pyrosoma atlanticum","1.68",NA,"Modeled_apriori"
"1.8811","Pyrosoma atlanticum","1.88",NA,"Modeled_apriori"
"2.1111","Pyrosoma atlanticum","2.11",NA,"Modeled_apriori"
"2.3611","Pyrosoma atlanticum","2.36",NA,"Modeled_apriori"
"2.6511","Pyrosoma atlanticum","2.65",NA,"Modeled_apriori"
"2.9711","Pyrosoma atlanticum","2.97",NA,"Modeled_apriori"
"3.3311","Pyrosoma atlanticum","3.33",NA,"Modeled_apriori"
"3.7311","Pyrosoma atlanticum","3.73",NA,"Modeled_apriori"
"4.1811","Pyrosoma atlanticum","4.18",NA,"Modeled_apriori"
"4.6811","Pyrosoma atlanticum","4.68",NA,"Modeled_apriori"
"5.2511","Pyrosoma atlanticum","5.25",NA,"Modeled_apriori"
"5.8911","Pyrosoma atlanticum","5.89",NA,"Modeled_apriori"
"6.611","Pyrosoma atlanticum","6.6",NA,"Modeled_apriori"
"7.411","Pyrosoma atlanticum","7.4",NA,"Modeled_apriori"
"8.2911","Pyrosoma atlanticum","8.29",NA,"Modeled_apriori"
"9.311","Pyrosoma atlanticum","9.3",NA,"Modeled_apriori"
"10.411","Pyrosoma atlanticum","10.4",NA,"Modeled_apriori"
"11.711","Pyrosoma atlanticum","11.7",NA,"Modeled_apriori"
"13.111","Pyrosoma atlanticum","13.1",NA,"Modeled_apriori"
"14.711","Pyrosoma atlanticum","14.7",NA,"Modeled_apriori"
"16.511","Pyrosoma atlanticum","16.5",NA,"Modeled_apriori"
"18.411","Pyrosoma atlanticum","18.4",NA,"Modeled_apriori"
"20.711","Pyrosoma atlanticum","20.7",NA,"Modeled_apriori"
"23.211","Pyrosoma atlanticum","23.2",NA,"Modeled_apriori"
"2611","Pyrosoma atlanticum","26",NA,"Modeled_apriori"
"29.111","Pyrosoma atlanticum","29.1",NA,"Modeled_apriori"
"32.711","Pyrosoma atlanticum","32.7",NA,"Modeled_apriori"
"36.611","Pyrosoma atlanticum","36.6",NA,"Modeled_apriori"
"4111","Pyrosoma atlanticum","41",NA,"Modeled_apriori"
"4611","Pyrosoma atlanticum","46",NA,"Modeled_apriori"
"51.611","Pyrosoma atlanticum","51.6",NA,"Modeled_apriori"
"57.811","Pyrosoma atlanticum","57.8",NA,"Modeled_apriori"
"64.811","Pyrosoma atlanticum","64.8",NA,"Modeled_apriori"
"72.611","Pyrosoma atlanticum","72.6",NA,"Modeled_apriori"
"81.411","Pyrosoma atlanticum","81.4",NA,"Modeled_apriori"
"0.00113","Atolla wyvillei","0.001",2.00000000000109,"Modeled_apriori"
"0.0011212","Atolla wyvillei","0.00112",2.0000000006868,"Modeled_apriori"
"0.0012612","Atolla wyvillei","0.00126",2.00000000167327,"Modeled_apriori"
"0.0014112","Atolla wyvillei","0.00141",2.00000000305796,"Modeled_apriori"
"0.0015812","Atolla wyvillei","0.00158",2.00000000496562,"Modeled_apriori"
"0.0017712","Atolla wyvillei","0.00177",2.00000000755512,"Modeled_apriori"
"0.0019812","Atolla wyvillei","0.00198",2.00000001102785,"Modeled_apriori"
"0.0022212","Atolla wyvillei","0.00222",2.00000001563794,"Modeled_apriori"
"0.0024912","Atolla wyvillei","0.00249",2.00000002170472,"Modeled_apriori"
"0.002812","Atolla wyvillei","0.0028",2.00000002962787,"Modeled_apriori"
"0.0031312","Atolla wyvillei","0.00313",2.00000003990564,"Modeled_apriori"
"0.0035112","Atolla wyvillei","0.00351",2.00000005315688,"Modeled_apriori"
"0.0039412","Atolla wyvillei","0.00394",2.00000007014751,"Modeled_apriori"
"0.0044112","Atolla wyvillei","0.00441",2.00000009182211,"Modeled_apriori"
"0.0049512","Atolla wyvillei","0.00495",2.00000011934169,"Modeled_apriori"
"0.0055512","Atolla wyvillei","0.00555",2.00000015412861,"Modeled_apriori"
"0.0062212","Atolla wyvillei","0.00622",2.00000019791982,"Modeled_apriori"
"0.0069712","Atolla wyvillei","0.00697",2.00000025282987,"Modeled_apriori"
"0.0078112","Atolla wyvillei","0.00781",2.00000032142514,"Modeled_apriori"
"0.0087612","Atolla wyvillei","0.00876",2.00000040681122,"Modeled_apriori"
"0.0098212","Atolla wyvillei","0.00982",2.00000051273525,"Modeled_apriori"
"0.01112","Atolla wyvillei","0.011",2.00000064370577,"Modeled_apriori"
"0.012312","Atolla wyvillei","0.0123",2.00000080513418,"Modeled_apriori"
"0.013812","Atolla wyvillei","0.0138",2.00000100349427,"Modeled_apriori"
"0.015512","Atolla wyvillei","0.0155",2.00000124651344,"Modeled_apriori"
"0.017412","Atolla wyvillei","0.0174",2.00000154339129,"Modeled_apriori"
"0.019512","Atolla wyvillei","0.0195",2.00000190505308,"Modeled_apriori"
"0.021812","Atolla wyvillei","0.0218",2.00000234444302,"Modeled_apriori"
"0.024512","Atolla wyvillei","0.0245",2.00000287686431,"Modeled_apriori"
"0.027412","Atolla wyvillei","0.0274",2.00000352037465,"Modeled_apriori"
"0.030812","Atolla wyvillei","0.0308",2.00000429623916,"Modeled_apriori"
"0.034512","Atolla wyvillei","0.0345",2.00000522942758,"Modeled_apriori"
"0.038712","Atolla wyvillei","0.0387",2.00000634918269,"Modeled_apriori"
"0.043312","Atolla wyvillei","0.0433",2.00000768971223,"Modeled_apriori"
"0.048612","Atolla wyvillei","0.0486",2.00000929101841,"Modeled_apriori"
"0.054512","Atolla wyvillei","0.0545",2.00001119996613,"Modeled_apriori"
"0.061112","Atolla wyvillei","0.0611",2.00001347197173,"Modeled_apriori"
"0.068412","Atolla wyvillei","0.0684",2.00001617449467,"Modeled_apriori"
"0.076712","Atolla wyvillei","0.0767",2.0000193951387,"Modeled_apriori"
"0.08612","Atolla wyvillei","0.086",2.00002325527409,"Modeled_apriori"
"0.096412","Atolla wyvillei","0.0964",2.00002791061113,"Modeled_apriori"
"0.10812","Atolla wyvillei","0.108",2.00003352251546,"Modeled_apriori"
"0.12112","Atolla wyvillei","0.121",2.0000402452274,"Modeled_apriori"
"0.13612","Atolla wyvillei","0.136",2.00004825922596,"Modeled_apriori"
"0.15212","Atolla wyvillei","0.152",2.00005778691391,"Modeled_apriori"
"0.17112","Atolla wyvillei","0.171",2.00006908926086,"Modeled_apriori"
"0.19112","Atolla wyvillei","0.191",2.00008247156409,"Modeled_apriori"
"0.21412","Atolla wyvillei","0.214",2.00009828725721,"Modeled_apriori"
"0.2412","Atolla wyvillei","0.24",2.00011694110508,"Modeled_apriori"
"0.2712","Atolla wyvillei","0.27",2.00013888708036,"Modeled_apriori"
"0.30212","Atolla wyvillei","0.302",2.0001646063359,"Modeled_apriori"
"0.33912","Atolla wyvillei","0.339",2.00019447692436,"Modeled_apriori"
"0.3812","Atolla wyvillei","0.38",2.00022850695514,"Modeled_apriori"
"0.42612","Atolla wyvillei","0.426",2.00026817247936,"Modeled_apriori"
"0.47712","Atolla wyvillei","0.477",2.00031435799958,"Modeled_apriori"
"0.53512","Atolla wyvillei","0.535",2.00036805328188,"Modeled_apriori"
"0.612","Atolla wyvillei","0.6",2.00043042246063,"Modeled_apriori"
"0.67212","Atolla wyvillei","0.672",2.00050278322038,"Modeled_apriori"
"0.75312","Atolla wyvillei","0.753",2.00058663864306,"Modeled_apriori"
"0.84512","Atolla wyvillei","0.845",2.00068369982193,"Modeled_apriori"
"0.94712","Atolla wyvillei","0.947",2.00079590937126,"Modeled_apriori"
"1.0612","Atolla wyvillei","1.06",2.00092546546541,"Modeled_apriori"
"1.1912","Atolla wyvillei","1.19",2.0010748402338,"Modeled_apriori"
"1.3312","Atolla wyvillei","1.33",2.00124689612802,"Modeled_apriori"
"1.512","Atolla wyvillei","1.5",2.00144486663191,"Modeled_apriori"
"1.6812","Atolla wyvillei","1.68",2.00167238301731,"Modeled_apriori"
"1.8812","Atolla wyvillei","1.88",2.00193354707946,"Modeled_apriori"
"2.1112","Atolla wyvillei","2.11",2.00223295180187,"Modeled_apriori"
"2.3612","Atolla wyvillei","2.36",2.00257578157101,"Modeled_apriori"
"2.6512","Atolla wyvillei","2.65",2.00296786135309,"Modeled_apriori"
"2.9712","Atolla wyvillei","2.97",2.00341571962492,"Modeled_apriori"
"3.3312","Atolla wyvillei","3.33",2.00392669007756,"Modeled_apriori"
"3.7312","Atolla wyvillei","3.73",2.00450883812727,"Modeled_apriori"
"4.1812","Atolla wyvillei","4.18",2.00517129459073,"Modeled_apriori"
"4.6812","Atolla wyvillei","4.68",2.00592421237137,"Modeled_apriori"
"5.2512","Atolla wyvillei","5.25",2.00677886935097,"Modeled_apriori"
"5.8912","Atolla wyvillei","5.89",2.00774778972182,"Modeled_apriori"
"6.612","Atolla wyvillei","6.6",2.00884485828501,"Modeled_apriori"
"7.412","Atolla wyvillei","7.4",2.01008544137774,"Modeled_apriori"
"8.2912","Atolla wyvillei","8.29",2.01148651358931,"Modeled_apriori"
"9.312","Atolla wyvillei","9.3",2.01306678798185,"Modeled_apriori"
"10.412","Atolla wyvillei","10.4",2.01484684947004,"Modeled_apriori"
"11.712","Atolla wyvillei","11.7",2.01684929152377,"Modeled_apriori"
"13.112","Atolla wyvillei","13.1",2.01909885193006,"Modeled_apriori"
"14.712","Atolla wyvillei","14.7",NA,"Modeled_apriori"
"16.512","Atolla wyvillei","16.5",NA,"Modeled_apriori"
"18.412","Atolla wyvillei","18.4",NA,"Modeled_apriori"
"20.712","Atolla wyvillei","20.7",NA,"Modeled_apriori"
"23.212","Atolla wyvillei","23.2",NA,"Modeled_apriori"
"2612","Atolla wyvillei","26",NA,"Modeled_apriori"
"29.112","Atolla wyvillei","29.1",NA,"Modeled_apriori"
"32.712","Atolla wyvillei","32.7",NA,"Modeled_apriori"
"36.612","Atolla wyvillei","36.6",NA,"Modeled_apriori"
"4112","Atolla wyvillei","41",NA,"Modeled_apriori"
"4612","Atolla wyvillei","46",NA,"Modeled_apriori"
"51.612","Atolla wyvillei","51.6",NA,"Modeled_apriori"
"57.812","Atolla wyvillei","57.8",NA,"Modeled_apriori"
"64.812","Atolla wyvillei","64.8",NA,"Modeled_apriori"
"72.612","Atolla wyvillei","72.6",NA,"Modeled_apriori"
"81.412","Atolla wyvillei","81.4",NA,"Modeled_apriori"
